familyId,rho,numSignatures,minRsig,maxRsig,avgRsig,totalRF,overlapRatio
1,"0,0,8",1,1,1,1.00,1,1.00
1,"0,1,7",1,1,1,1.00,1,1.00
1,"0,2,6",1,1,1,1.00,1,1.00
1,"0,3,5",1,1,1,1.00,1,1.00
1,"0,4,4",1,1,1,1.00,1,1.00
1,"0,5,3",1,1,1,1.00,1,1.00
1,"0,6,2",1,1,1,1.00,1,1.00
1,"0,7,1",1,1,1,1.00,1,1.00
1,"0,8,0",1,1,1,1.00,1,1.00
1,"1,0,7",1,1,1,1.00,1,1.00
1,"1,1,6",1,1,1,1.00,1,1.00
1,"1,2,5",1,1,1,1.00,1,1.00
1,"1,3,4",1,1,1,1.00,1,1.00
1,"1,4,3",1,1,1,1.00,1,1.00
1,"1,5,2",1,1,1,1.00,1,1.00
1,"1,6,1",1,1,1,1.00,1,1.00
1,"1,7,0",1,1,1,1.00,1,1.00
1,"2,0,6",1,1,1,1.00,1,1.00
1,"2,1,5",1,1,1,1.00,1,1.00
1,"2,2,4",1,1,1,1.00,1,1.00
1,"2,3,3",1,1,1,1.00,1,1.00
1,"2,4,2",1,1,1,1.00,1,1.00
1,"2,5,1",1,1,1,1.00,1,1.00
1,"2,6,0",1,1,1,1.00,1,1.00
1,"3,0,5",1,1,1,1.00,1,1.00
1,"3,1,4",1,1,1,1.00,1,1.00
1,"3,2,3",1,1,1,1.00,1,1.00
1,"3,3,2",1,1,1,1.00,1,1.00
1,"3,4,1",1,1,1,1.00,1,1.00
1,"3,5,0",1,1,1,1.00,1,1.00
1,"4,0,4",1,1,1,1.00,1,1.00
1,"4,1,3",1,1,1,1.00,1,1.00
1,"4,2,2",1,1,1,1.00,1,1.00
1,"4,3,1",1,1,1,1.00,1,1.00
1,"4,4,0",1,1,1,1.00,1,1.00
1,"5,0,3",1,1,1,1.00,1,1.00
1,"5,1,2",1,1,1,1.00,1,1.00
1,"5,2,1",1,1,1,1.00,1,1.00
1,"5,3,0",1,1,1,1.00,1,1.00
1,"6,0,2",1,1,1,1.00,1,1.00
1,"6,1,1",1,1,1,1.00,1,1.00
1,"6,2,0",1,1,1,1.00,1,1.00
1,"7,0,1",1,1,1,1.00,1,1.00
1,"7,1,0",1,1,1,1.00,1,1.00
1,"8,0,0",1,1,1,1.00,1,1.00
2,"0,0,8",6,1,1,1.00,1,6.00
2,"0,1,7",6,3,3,3.00,3,6.00
2,"0,2,6",6,5,5,5.00,5,6.00
2,"0,3,5",6,5,7,5.67,7,4.86
2,"0,4,4",6,5,7,5.67,7,4.86
2,"0,5,3",6,5,7,5.67,7,4.86
2,"0,6,2",6,5,5,5.00,5,6.00
2,"0,7,1",6,3,3,3.00,3,6.00
2,"0,8,0",6,1,1,1.00,1,6.00
2,"1,0,7",6,3,3,3.00,3,6.00
2,"1,1,6",6,9,9,9.00,9,6.00
2,"1,2,5",6,13,15,13.67,15,5.47
2,"1,3,4",6,13,19,15.00,19,4.74
2,"1,4,3",6,13,19,15.00,19,4.74
2,"1,5,2",6,13,15,13.67,15,5.47
2,"1,6,1",6,9,9,9.00,9,6.00
2,"1,7,0",6,3,3,3.00,3,6.00
2,"2,0,6",6,5,5,5.00,5,6.00
2,"2,1,5",6,13,15,13.67,15,5.47
2,"2,2,4",6,19,23,20.33,23,5.30
2,"2,3,3",6,19,29,22.33,29,4.62
2,"2,4,2",6,19,23,20.33,23,5.30
2,"2,5,1",6,13,15,13.67,15,5.47
2,"2,6,0",6,5,5,5.00,5,6.00
2,"3,0,5",6,5,7,5.67,7,4.86
2,"3,1,4",6,13,19,15.00,19,4.74
2,"3,2,3",6,19,29,22.33,29,4.62
2,"3,3,2",6,19,29,22.33,29,4.62
2,"3,4,1",6,13,19,15.00,19,4.74
2,"3,5,0",6,5,7,5.67,7,4.86
2,"4,0,4",6,5,7,5.67,7,4.86
2,"4,1,3",6,13,19,15.00,19,4.74
2,"4,2,2",6,19,23,20.33,23,5.30
2,"4,3,1",6,13,19,15.00,19,4.74
2,"4,4,0",6,5,7,5.67,7,4.86
2,"5,0,3",6,5,7,5.67,7,4.86
2,"5,1,2",6,13,15,13.67,15,5.47
2,"5,2,1",6,13,15,13.67,15,5.47
2,"5,3,0",6,5,7,5.67,7,4.86
2,"6,0,2",6,5,5,5.00,5,6.00
2,"6,1,1",6,9,9,9.00,9,6.00
2,"6,2,0",6,5,5,5.00,5,6.00
2,"7,0,1",6,3,3,3.00,3,6.00
2,"7,1,0",6,3,3,3.00,3,6.00
2,"8,0,0",6,1,1,1.00,1,6.00
3,"0,0,8",7,1,1,1.00,7,1.00
3,"0,1,7",7,1,2,1.86,13,1.00
3,"0,2,6",7,1,3,2.57,18,1.00
3,"0,3,5",7,1,4,3.00,21,1.00
3,"0,4,4",7,1,5,3.14,22,1.00
3,"0,5,3",7,1,4,3.00,21,1.00
3,"0,6,2",7,1,3,2.57,18,1.00
3,"0,7,1",7,1,2,1.86,13,1.00
3,"0,8,0",7,1,1,1.00,7,1.00
3,"1,0,7",7,1,2,1.86,13,1.00
3,"1,1,6",7,1,4,3.43,24,1.00
3,"1,2,5",7,1,6,4.57,32,1.00
3,"1,3,4",7,1,8,5.14,36,1.00
3,"1,4,3",7,1,8,5.14,36,1.00
3,"1,5,2",7,1,6,4.57,32,1.00
3,"1,6,1",7,1,4,3.43,24,1.00
3,"1,7,0",7,1,2,1.86,13,1.00
3,"2,0,6",7,1,3,2.57,18,1.00
3,"2,1,5",7,1,6,4.57,32,1.00
3,"2,2,4",7,1,9,5.86,41,1.00
3,"2,3,3",7,1,10,6.29,44,1.00
3,"2,4,2",7,1,9,5.86,41,1.00
3,"2,5,1",7,1,6,4.57,32,1.00
3,"2,6,0",7,1,3,2.57,18,1.00
3,"3,0,5",7,1,4,3.00,21,1.00
3,"3,1,4",7,1,8,5.14,36,1.00
3,"3,2,3",7,1,10,6.29,44,1.00
3,"3,3,2",7,1,10,6.29,44,1.00
3,"3,4,1",7,1,8,5.14,36,1.00
3,"3,5,0",7,1,4,3.00,21,1.00
3,"4,0,4",7,1,5,3.14,22,1.00
3,"4,1,3",7,1,8,5.14,36,1.00
3,"4,2,2",7,1,9,5.86,41,1.00
3,"4,3,1",7,1,8,5.14,36,1.00
3,"4,4,0",7,1,5,3.14,22,1.00
3,"5,0,3",7,1,4,3.00,21,1.00
3,"5,1,2",7,1,6,4.57,32,1.00
3,"5,2,1",7,1,6,4.57,32,1.00
3,"5,3,0",7,1,4,3.00,21,1.00
3,"6,0,2",7,1,3,2.57,18,1.00
3,"6,1,1",7,1,4,3.43,24,1.00
3,"6,2,0",7,1,3,2.57,18,1.00
3,"7,0,1",7,1,2,1.86,13,1.00
3,"7,1,0",7,1,2,1.86,13,1.00
3,"8,0,0",7,1,1,1.00,7,1.00
4,"0,0,8",15,1,1,1.00,7,2.14
4,"0,1,7",15,2,3,2.73,20,2.05
4,"0,2,6",15,2,5,4.07,31,1.97
4,"0,3,5",15,2,7,4.87,38,1.92
4,"0,4,4",15,2,8,5.13,41,1.88
4,"0,5,3",15,2,7,4.87,38,1.92
4,"0,6,2",15,2,5,4.07,31,1.97
4,"0,7,1",15,2,3,2.73,20,2.05
4,"0,8,0",15,1,1,1.00,7,2.14
4,"1,0,7",15,2,3,2.73,20,2.05
4,"1,1,6",15,3,9,7.07,55,1.93
4,"1,2,5",15,3,15,10.13,82,1.85
4,"1,3,4",15,3,19,11.67,97,1.80
4,"1,4,3",15,3,19,11.67,97,1.80
4,"1,5,2",15,3,15,10.13,82,1.85
4,"1,6,1",15,3,9,7.07,55,1.93
4,"1,7,0",15,2,3,2.73,20,2.05
4,"2,0,6",15,2,5,4.07,31,1.97
4,"2,1,5",15,3,15,10.13,82,1.85
4,"2,2,4",15,3,23,14.00,117,1.79
4,"2,3,3",15,3,29,15.33,129,1.78
4,"2,4,2",15,3,23,14.00,117,1.79
4,"2,5,1",15,3,15,10.13,82,1.85
4,"2,6,0",15,2,5,4.07,31,1.97
4,"3,0,5",15,2,7,4.87,38,1.92
4,"3,1,4",15,3,19,11.67,97,1.80
4,"3,2,3",15,3,29,15.33,129,1.78
4,"3,3,2",15,3,29,15.33,129,1.78
4,"3,4,1",15,3,19,11.67,97,1.80
4,"3,5,0",15,2,7,4.87,38,1.92
4,"4,0,4",15,2,8,5.13,41,1.88
4,"4,1,3",15,3,19,11.67,97,1.80
4,"4,2,2",15,3,23,14.00,117,1.79
4,"4,3,1",15,3,19,11.67,97,1.80
4,"4,4,0",15,2,8,5.13,41,1.88
4,"5,0,3",15,2,7,4.87,38,1.92
4,"5,1,2",15,3,15,10.13,82,1.85
4,"5,2,1",15,3,15,10.13,82,1.85
4,"5,3,0",15,2,7,4.87,38,1.92
4,"6,0,2",15,2,5,4.07,31,1.97
4,"6,1,1",15,3,9,7.07,55,1.93
4,"6,2,0",15,2,5,4.07,31,1.97
4,"7,0,1",15,2,3,2.73,20,2.05
4,"7,1,0",15,2,3,2.73,20,2.05
4,"8,0,0",15,1,1,1.00,7,2.14
5,"0,0,8",10,1,1,1.00,1,10.00
5,"0,1,7",10,2,3,2.60,3,8.67
5,"0,2,6",10,3,5,4.00,5,8.00
5,"0,3,5",10,3,7,5.00,7,7.14
5,"0,4,4",10,3,7,5.40,9,6.00
5,"0,5,3",10,3,7,5.00,7,7.14
5,"0,6,2",10,3,5,4.00,5,8.00
5,"0,7,1",10,2,3,2.60,3,8.67
5,"0,8,0",10,1,1,1.00,1,10.00
5,"1,0,7",10,2,3,2.60,3,8.67
5,"1,1,6",10,4,9,6.80,9,7.56
5,"1,2,5",10,6,15,10.20,15,6.80
5,"1,3,4",10,7,19,12.20,21,5.81
5,"1,4,3",10,7,19,12.20,21,5.81
5,"1,5,2",10,6,15,10.20,15,6.80
5,"1,6,1",10,4,9,6.80,9,7.56
5,"1,7,0",10,2,3,2.60,3,8.67
5,"2,0,6",10,3,5,4.00,5,8.00
5,"2,1,5",10,6,15,10.20,15,6.80
5,"2,2,4",10,7,23,15.00,25,6.00
5,"2,3,3",10,7,29,17.20,29,5.93
5,"2,4,2",10,7,23,15.00,25,6.00
5,"2,5,1",10,6,15,10.20,15,6.80
5,"2,6,0",10,3,5,4.00,5,8.00
5,"3,0,5",10,3,7,5.00,7,7.14
5,"3,1,4",10,7,19,12.20,21,5.81
5,"3,2,3",10,7,29,17.20,29,5.93
5,"3,3,2",10,7,29,17.20,29,5.93
5,"3,4,1",10,7,19,12.20,21,5.81
5,"3,5,0",10,3,7,5.00,7,7.14
5,"4,0,4",10,3,7,5.40,9,6.00
5,"4,1,3",10,7,19,12.20,21,5.81
5,"4,2,2",10,7,23,15.00,25,6.00
5,"4,3,1",10,7,19,12.20,21,5.81
5,"4,4,0",10,3,7,5.40,9,6.00
5,"5,0,3",10,3,7,5.00,7,7.14
5,"5,1,2",10,6,15,10.20,15,6.80
5,"5,2,1",10,6,15,10.20,15,6.80
5,"5,3,0",10,3,7,5.00,7,7.14
5,"6,0,2",10,3,5,4.00,5,8.00
5,"6,1,1",10,4,9,6.80,9,7.56
5,"6,2,0",10,3,5,4.00,5,8.00
5,"7,0,1",10,2,3,2.60,3,8.67
5,"7,1,0",10,2,3,2.60,3,8.67
5,"8,0,0",10,1,1,1.00,1,10.00
6,"0,0,8",15,1,1,1.00,7,2.14
6,"0,1,7",15,2,3,2.60,19,2.05
6,"0,2,6",15,2,5,3.80,28,2.04
6,"0,3,5",15,2,7,4.53,33,2.06
6,"0,4,4",15,2,8,4.80,35,2.06
6,"0,5,3",15,2,7,4.53,33,2.06
6,"0,6,2",15,2,5,3.80,28,2.04
6,"0,7,1",15,2,3,2.60,19,2.05
6,"0,8,0",15,1,1,1.00,7,2.14
6,"1,0,7",15,2,3,2.60,19,2.05
6,"1,1,6",15,3,9,6.40,50,1.92
6,"1,2,5",15,3,14,9.00,71,1.90
6,"1,3,4",15,3,17,10.33,81,1.91
6,"1,4,3",15,3,17,10.33,81,1.91
6,"1,5,2",15,3,14,9.00,71,1.90
6,"1,6,1",15,3,9,6.40,50,1.92
6,"1,7,0",15,2,3,2.60,19,2.05
6,"2,0,6",15,2,5,3.80,28,2.04
6,"2,1,5",15,3,14,9.00,71,1.90
6,"2,2,4",15,3,22,12.13,97,1.88
6,"2,3,3",15,3,24,13.13,104,1.89
6,"2,4,2",15,3,22,12.13,97,1.88
6,"2,5,1",15,3,14,9.00,71,1.90
6,"2,6,0",15,2,5,3.80,28,2.04
6,"3,0,5",15,2,7,4.53,33,2.06
6,"3,1,4",15,3,17,10.33,81,1.91
6,"3,2,3",15,3,24,13.13,104,1.89
6,"3,3,2",15,3,24,13.13,104,1.89
6,"3,4,1",15,3,17,10.33,81,1.91
6,"3,5,0",15,2,7,4.53,33,2.06
6,"4,0,4",15,2,8,4.80,35,2.06
6,"4,1,3",15,3,17,10.33,81,1.91
6,"4,2,2",15,3,22,12.13,97,1.88
6,"4,3,1",15,3,17,10.33,81,1.91
6,"4,4,0",15,2,8,4.80,35,2.06
6,"5,0,3",15,2,7,4.53,33,2.06
6,"5,1,2",15,3,14,9.00,71,1.90
6,"5,2,1",15,3,14,9.00,71,1.90
6,"5,3,0",15,2,7,4.53,33,2.06
6,"6,0,2",15,2,5,3.80,28,2.04
6,"6,1,1",15,3,9,6.40,50,1.92
6,"6,2,0",15,2,5,3.80,28,2.04
6,"7,0,1",15,2,3,2.60,19,2.05
6,"7,1,0",15,2,3,2.60,19,2.05
6,"8,0,0",15,1,1,1.00,7,2.14
7,"0,0,8",7,1,1,1.00,7,1.00
7,"0,1,7",7,2,2,2.00,14,1.00
7,"0,2,6",7,2,3,2.71,19,1.00
7,"0,3,5",7,2,4,3.14,22,1.00
7,"0,4,4",7,2,5,3.29,23,1.00
7,"0,5,3",7,2,4,3.14,22,1.00
7,"0,6,2",7,2,3,2.71,19,1.00
7,"0,7,1",7,2,2,2.00,14,1.00
7,"0,8,0",7,1,1,1.00,7,1.00
7,"1,0,7",7,2,2,2.00,14,1.00
7,"1,1,6",7,3,4,3.71,26,1.00
7,"1,2,5",7,3,6,4.86,34,1.00
7,"1,3,4",7,3,8,5.43,38,1.00
7,"1,4,3",7,3,8,5.43,38,1.00
7,"1,5,2",7,3,6,4.86,34,1.00
7,"1,6,1",7,3,4,3.71,26,1.00
7,"1,7,0",7,2,2,2.00,14,1.00
7,"2,0,6",7,2,3,2.71,19,1.00
7,"2,1,5",7,3,6,4.86,34,1.00
7,"2,2,4",7,3,9,6.14,43,1.00
7,"2,3,3",7,3,10,6.57,46,1.00
7,"2,4,2",7,3,9,6.14,43,1.00
7,"2,5,1",7,3,6,4.86,34,1.00
7,"2,6,0",7,2,3,2.71,19,1.00
7,"3,0,5",7,2,4,3.14,22,1.00
7,"3,1,4",7,3,8,5.43,38,1.00
7,"3,2,3",7,3,10,6.57,46,1.00
7,"3,3,2",7,3,10,6.57,46,1.00
7,"3,4,1",7,3,8,5.43,38,1.00
7,"3,5,0",7,2,4,3.14,22,1.00
7,"4,0,4",7,2,5,3.29,23,1.00
7,"4,1,3",7,3,8,5.43,38,1.00
7,"4,2,2",7,3,9,6.14,43,1.00
7,"4,3,1",7,3,8,5.43,38,1.00
7,"4,4,0",7,2,5,3.29,23,1.00
7,"5,0,3",7,2,4,3.14,22,1.00
7,"5,1,2",7,3,6,4.86,34,1.00
7,"5,2,1",7,3,6,4.86,34,1.00
7,"5,3,0",7,2,4,3.14,22,1.00
7,"6,0,2",7,2,3,2.71,19,1.00
7,"6,1,1",7,3,4,3.71,26,1.00
7,"6,2,0",7,2,3,2.71,19,1.00
7,"7,0,1",7,2,2,2.00,14,1.00
7,"7,1,0",7,2,2,2.00,14,1.00
7,"8,0,0",7,1,1,1.00,7,1.00
8,"0,0,8",10,1,1,1.00,1,10.00
8,"0,1,7",10,2,3,2.60,3,8.67
8,"0,2,6",10,3,5,4.00,5,8.00
8,"0,3,5",10,3,7,5.00,7,7.14
8,"0,4,4",10,3,7,5.40,9,6.00
8,"0,5,3",10,3,7,5.00,7,7.14
8,"0,6,2",10,3,5,4.00,5,8.00
8,"0,7,1",10,2,3,2.60,3,8.67
8,"0,8,0",10,1,1,1.00,1,10.00
8,"1,0,7",10,2,3,2.60,3,8.67
8,"1,1,6",10,4,9,6.80,9,7.56
8,"1,2,5",10,6,15,10.20,15,6.80
8,"1,3,4",10,7,19,12.20,21,5.81
8,"1,4,3",10,7,19,12.20,21,5.81
8,"1,5,2",10,6,15,10.20,15,6.80
8,"1,6,1",10,4,9,6.80,9,7.56
8,"1,7,0",10,2,3,2.60,3,8.67
8,"2,0,6",10,3,5,4.00,5,8.00
8,"2,1,5",10,6,15,10.20,15,6.80
8,"2,2,4",10,7,23,15.00,25,6.00
8,"2,3,3",10,7,29,17.20,29,5.93
8,"2,4,2",10,7,23,15.00,25,6.00
8,"2,5,1",10,6,15,10.20,15,6.80
8,"2,6,0",10,3,5,4.00,5,8.00
8,"3,0,5",10,3,7,5.00,7,7.14
8,"3,1,4",10,7,19,12.20,21,5.81
8,"3,2,3",10,7,29,17.20,29,5.93
8,"3,3,2",10,7,29,17.20,29,5.93
8,"3,4,1",10,7,19,12.20,21,5.81
8,"3,5,0",10,3,7,5.00,7,7.14
8,"4,0,4",10,3,7,5.40,9,6.00
8,"4,1,3",10,7,19,12.20,21,5.81
8,"4,2,2",10,7,23,15.00,25,6.00
8,"4,3,1",10,7,19,12.20,21,5.81
8,"4,4,0",10,3,7,5.40,9,6.00
8,"5,0,3",10,3,7,5.00,7,7.14
8,"5,1,2",10,6,15,10.20,15,6.80
8,"5,2,1",10,6,15,10.20,15,6.80
8,"5,3,0",10,3,7,5.00,7,7.14
8,"6,0,2",10,3,5,4.00,5,8.00
8,"6,1,1",10,4,9,6.80,9,7.56
8,"6,2,0",10,3,5,4.00,5,8.00
8,"7,0,1",10,2,3,2.60,3,8.67
8,"7,1,0",10,2,3,2.60,3,8.67
8,"8,0,0",10,1,1,1.00,1,10.00
9,"0,0,8",8,1,1,1.00,8,1.00
9,"0,1,7",8,1,2,1.88,15,1.00
9,"0,2,6",8,1,3,2.50,20,1.00
9,"0,3,5",8,1,4,2.88,23,1.00
9,"0,4,4",8,1,5,3.00,24,1.00
9,"0,5,3",8,1,4,2.88,23,1.00
9,"0,6,2",8,1,3,2.50,20,1.00
9,"0,7,1",8,1,2,1.88,15,1.00
9,"0,8,0",8,1,1,1.00,8,1.00
9,"1,0,7",8,1,2,1.88,15,1.00
9,"1,1,6",8,1,4,3.38,27,1.00
9,"1,2,5",8,1,6,4.38,35,1.00
9,"1,3,4",8,1,8,4.88,39,1.00
9,"1,4,3",8,1,8,4.88,39,1.00
9,"1,5,2",8,1,6,4.38,35,1.00
9,"1,6,1",8,1,4,3.38,27,1.00
9,"1,7,0",8,1,2,1.88,15,1.00
9,"2,0,6",8,1,3,2.50,20,1.00
9,"2,1,5",8,1,6,4.38,35,1.00
9,"2,2,4",8,1,9,5.50,44,1.00
9,"2,3,3",8,1,10,5.88,47,1.00
9,"2,4,2",8,1,9,5.50,44,1.00
9,"2,5,1",8,1,6,4.38,35,1.00
9,"2,6,0",8,1,3,2.50,20,1.00
9,"3,0,5",8,1,4,2.88,23,1.00
9,"3,1,4",8,1,8,4.88,39,1.00
9,"3,2,3",8,1,10,5.88,47,1.00
9,"3,3,2",8,1,10,5.88,47,1.00
9,"3,4,1",8,1,8,4.88,39,1.00
9,"3,5,0",8,1,4,2.88,23,1.00
9,"4,0,4",8,1,5,3.00,24,1.00
9,"4,1,3",8,1,8,4.88,39,1.00
9,"4,2,2",8,1,9,5.50,44,1.00
9,"4,3,1",8,1,8,4.88,39,1.00
9,"4,4,0",8,1,5,3.00,24,1.00
9,"5,0,3",8,1,4,2.88,23,1.00
9,"5,1,2",8,1,6,4.38,35,1.00
9,"5,2,1",8,1,6,4.38,35,1.00
9,"5,3,0",8,1,4,2.88,23,1.00
9,"6,0,2",8,1,3,2.50,20,1.00
9,"6,1,1",8,1,4,3.38,27,1.00
9,"6,2,0",8,1,3,2.50,20,1.00
9,"7,0,1",8,1,2,1.88,15,1.00
9,"7,1,0",8,1,2,1.88,15,1.00
9,"8,0,0",8,1,1,1.00,8,1.00
10,"0,0,8",8,1,1,1.00,8,1.00
10,"0,1,7",8,1,2,1.88,15,1.00
10,"0,2,6",8,1,3,2.50,20,1.00
10,"0,3,5",8,1,4,2.88,23,1.00
10,"0,4,4",8,1,5,3.00,24,1.00
10,"0,5,3",8,1,4,2.88,23,1.00
10,"0,6,2",8,1,3,2.50,20,1.00
10,"0,7,1",8,1,2,1.88,15,1.00
10,"0,8,0",8,1,1,1.00,8,1.00
10,"1,0,7",8,1,2,1.88,15,1.00
10,"1,1,6",8,1,4,3.38,27,1.00
10,"1,2,5",8,1,6,4.38,35,1.00
10,"1,3,4",8,1,8,4.88,39,1.00
10,"1,4,3",8,1,8,4.88,39,1.00
10,"1,5,2",8,1,6,4.38,35,1.00
10,"1,6,1",8,1,4,3.38,27,1.00
10,"1,7,0",8,1,2,1.88,15,1.00
10,"2,0,6",8,1,3,2.50,20,1.00
10,"2,1,5",8,1,6,4.38,35,1.00
10,"2,2,4",8,1,9,5.50,44,1.00
10,"2,3,3",8,1,10,5.88,47,1.00
10,"2,4,2",8,1,9,5.50,44,1.00
10,"2,5,1",8,1,6,4.38,35,1.00
10,"2,6,0",8,1,3,2.50,20,1.00
10,"3,0,5",8,1,4,2.88,23,1.00
10,"3,1,4",8,1,8,4.88,39,1.00
10,"3,2,3",8,1,10,5.88,47,1.00
10,"3,3,2",8,1,10,5.88,47,1.00
10,"3,4,1",8,1,8,4.88,39,1.00
10,"3,5,0",8,1,4,2.88,23,1.00
10,"4,0,4",8,1,5,3.00,24,1.00
10,"4,1,3",8,1,8,4.88,39,1.00
10,"4,2,2",8,1,9,5.50,44,1.00
10,"4,3,1",8,1,8,4.88,39,1.00
10,"4,4,0",8,1,5,3.00,24,1.00
10,"5,0,3",8,1,4,2.88,23,1.00
10,"5,1,2",8,1,6,4.38,35,1.00
10,"5,2,1",8,1,6,4.38,35,1.00
10,"5,3,0",8,1,4,2.88,23,1.00
10,"6,0,2",8,1,3,2.50,20,1.00
10,"6,1,1",8,1,4,3.38,27,1.00
10,"6,2,0",8,1,3,2.50,20,1.00
10,"7,0,1",8,1,2,1.88,15,1.00
10,"7,1,0",8,1,2,1.88,15,1.00
10,"8,0,0",8,1,1,1.00,8,1.00
11,"0,0,8",32,1,1,1.00,8,4.00
11,"0,1,7",32,1,3,2.63,28,3.00
11,"0,2,6",32,1,5,3.78,43,2.81
11,"0,3,5",32,1,7,4.47,52,2.75
11,"0,4,4",32,1,8,4.69,54,2.78
11,"0,5,3",32,1,7,4.47,52,2.75
11,"0,6,2",32,1,5,3.78,43,2.81
11,"0,7,1",32,1,3,2.63,28,3.00
11,"0,8,0",32,1,1,1.00,8,4.00
11,"1,0,7",32,1,3,2.63,28,3.00
11,"1,1,6",32,1,9,6.53,86,2.43
11,"1,2,5",32,1,15,9.13,126,2.32
11,"1,3,4",32,1,19,10.41,145,2.30
11,"1,4,3",32,1,19,10.41,145,2.30
11,"1,5,2",32,1,15,9.13,126,2.32
11,"1,6,1",32,1,9,6.53,86,2.43
11,"1,7,0",32,1,3,2.63,28,3.00
11,"2,0,6",32,1,5,3.78,43,2.81
11,"2,1,5",32,1,15,9.13,126,2.32
11,"2,2,4",32,1,23,12.31,176,2.24
11,"2,3,3",32,1,29,13.38,194,2.21
11,"2,4,2",32,1,23,12.31,176,2.24
11,"2,5,1",32,1,15,9.13,126,2.32
11,"2,6,0",32,1,5,3.78,43,2.81
11,"3,0,5",32,1,7,4.47,52,2.75
11,"3,1,4",32,1,19,10.41,145,2.30
11,"3,2,3",32,1,29,13.38,194,2.21
11,"3,3,2",32,1,29,13.38,194,2.21
11,"3,4,1",32,1,19,10.41,145,2.30
11,"3,5,0",32,1,7,4.47,52,2.75
11,"4,0,4",32,1,8,4.69,54,2.78
11,"4,1,3",32,1,19,10.41,145,2.30
11,"4,2,2",32,1,23,12.31,176,2.24
11,"4,3,1",32,1,19,10.41,145,2.30
11,"4,4,0",32,1,8,4.69,54,2.78
11,"5,0,3",32,1,7,4.47,52,2.75
11,"5,1,2",32,1,15,9.13,126,2.32
11,"5,2,1",32,1,15,9.13,126,2.32
11,"5,3,0",32,1,7,4.47,52,2.75
11,"6,0,2",32,1,5,3.78,43,2.81
11,"6,1,1",32,1,9,6.53,86,2.43
11,"6,2,0",32,1,5,3.78,43,2.81
11,"7,0,1",32,1,3,2.63,28,3.00
11,"7,1,0",32,1,3,2.63,28,3.00
11,"8,0,0",32,1,1,1.00,8,4.00
12,"0,0,8",20,1,1,1.00,8,2.50
12,"0,1,7",20,1,3,2.40,21,2.29
12,"0,2,6",20,1,5,3.40,31,2.19
12,"0,3,5",20,1,7,4.00,37,2.16
12,"0,4,4",20,1,7,4.20,39,2.15
12,"0,5,3",20,1,7,4.00,37,2.16
12,"0,6,2",20,1,5,3.40,31,2.19
12,"0,7,1",20,1,3,2.40,21,2.29
12,"0,8,0",20,1,1,1.00,8,2.50
12,"1,0,7",20,1,3,2.40,21,2.29
12,"1,1,6",20,1,9,5.70,55,2.07
12,"1,2,5",20,1,15,7.90,79,2.00
12,"1,3,4",20,1,19,9.00,91,1.98
12,"1,4,3",20,1,19,9.00,91,1.98
12,"1,5,2",20,1,15,7.90,79,2.00
12,"1,6,1",20,1,9,5.70,55,2.07
12,"1,7,0",20,1,3,2.40,21,2.29
12,"2,0,6",20,1,5,3.40,31,2.19
12,"2,1,5",20,1,15,7.90,79,2.00
12,"2,2,4",20,1,23,10.60,109,1.94
12,"2,3,3",20,1,29,11.50,119,1.93
12,"2,4,2",20,1,23,10.60,109,1.94
12,"2,5,1",20,1,15,7.90,79,2.00
12,"2,6,0",20,1,5,3.40,31,2.19
12,"3,0,5",20,1,7,4.00,37,2.16
12,"3,1,4",20,1,19,9.00,91,1.98
12,"3,2,3",20,1,29,11.50,119,1.93
12,"3,3,2",20,1,29,11.50,119,1.93
12,"3,4,1",20,1,19,9.00,91,1.98
12,"3,5,0",20,1,7,4.00,37,2.16
12,"4,0,4",20,1,7,4.20,39,2.15
12,"4,1,3",20,1,19,9.00,91,1.98
12,"4,2,2",20,1,23,10.60,109,1.94
12,"4,3,1",20,1,19,9.00,91,1.98
12,"4,4,0",20,1,7,4.20,39,2.15
12,"5,0,3",20,1,7,4.00,37,2.16
12,"5,1,2",20,1,15,7.90,79,2.00
12,"5,2,1",20,1,15,7.90,79,2.00
12,"5,3,0",20,1,7,4.00,37,2.16
12,"6,0,2",20,1,5,3.40,31,2.19
12,"6,1,1",20,1,9,5.70,55,2.07
12,"6,2,0",20,1,5,3.40,31,2.19
12,"7,0,1",20,1,3,2.40,21,2.29
12,"7,1,0",20,1,3,2.40,21,2.29
12,"8,0,0",20,1,1,1.00,8,2.50
13,"0,0,8",13,1,1,1.00,1,13.00
13,"0,1,7",13,1,3,2.85,3,12.33
13,"0,2,6",13,1,5,3.77,5,9.80
13,"0,3,5",13,1,7,4.08,7,7.57
13,"0,4,4",13,1,7,4.08,7,7.57
13,"0,5,3",13,1,7,4.08,7,7.57
13,"0,6,2",13,1,5,3.77,5,9.80
13,"0,7,1",13,1,3,2.85,3,12.33
13,"0,8,0",13,1,1,1.00,1,13.00
13,"1,0,7",13,1,3,2.85,3,12.33
13,"1,1,6",13,1,9,7.46,9,10.78
13,"1,2,5",13,1,15,9.62,15,8.33
13,"1,3,4",13,1,19,10.23,19,7.00
13,"1,4,3",13,1,19,10.23,19,7.00
13,"1,5,2",13,1,15,9.62,15,8.33
13,"1,6,1",13,1,9,7.46,9,10.78
13,"1,7,0",13,1,3,2.85,3,12.33
13,"2,0,6",13,1,5,3.77,5,9.80
13,"2,1,5",13,1,15,9.62,15,8.33
13,"2,2,4",13,1,23,12.69,23,7.17
13,"2,3,3",13,1,29,13.62,29,6.10
13,"2,4,2",13,1,23,12.69,23,7.17
13,"2,5,1",13,1,15,9.62,15,8.33
13,"2,6,0",13,1,5,3.77,5,9.80
13,"3,0,5",13,1,7,4.08,7,7.57
13,"3,1,4",13,1,19,10.23,19,7.00
13,"3,2,3",13,1,29,13.62,29,6.10
13,"3,3,2",13,1,29,13.62,29,6.10
13,"3,4,1",13,1,19,10.23,19,7.00
13,"3,5,0",13,1,7,4.08,7,7.57
13,"4,0,4",13,1,7,4.08,7,7.57
13,"4,1,3",13,1,19,10.23,19,7.00
13,"4,2,2",13,1,23,12.69,23,7.17
13,"4,3,1",13,1,19,10.23,19,7.00
13,"4,4,0",13,1,7,4.08,7,7.57
13,"5,0,3",13,1,7,4.08,7,7.57
13,"5,1,2",13,1,15,9.62,15,8.33
13,"5,2,1",13,1,15,9.62,15,8.33
13,"5,3,0",13,1,7,4.08,7,7.57
13,"6,0,2",13,1,5,3.77,5,9.80
13,"6,1,1",13,1,9,7.46,9,10.78
13,"6,2,0",13,1,5,3.77,5,9.80
13,"7,0,1",13,1,3,2.85,3,12.33
13,"7,1,0",13,1,3,2.85,3,12.33
13,"8,0,0",13,1,1,1.00,1,13.00
14,"0,0,8",4,1,1,1.00,4,1.00
14,"0,1,7",4,2,2,2.00,8,1.00
14,"0,2,6",4,2,3,2.75,11,1.00
14,"0,3,5",4,2,4,3.25,13,1.00
14,"0,4,4",4,2,5,3.50,14,1.00
14,"0,5,3",4,2,4,3.25,13,1.00
14,"0,6,2",4,2,3,2.75,11,1.00
14,"0,7,1",4,2,2,2.00,8,1.00
14,"0,8,0",4,1,1,1.00,4,1.00
14,"1,0,7",4,2,2,2.00,8,1.00
14,"1,1,6",4,3,4,3.75,15,1.00
14,"1,2,5",4,3,6,5.00,20,1.00
14,"1,3,4",4,3,8,5.75,23,1.00
14,"1,4,3",4,3,8,5.75,23,1.00
14,"1,5,2",4,3,6,5.00,20,1.00
14,"1,6,1",4,3,4,3.75,15,1.00
14,"1,7,0",4,2,2,2.00,8,1.00
14,"2,0,6",4,2,3,2.75,11,1.00
14,"2,1,5",4,3,6,5.00,20,1.00
14,"2,2,4",4,3,9,6.50,26,1.00
14,"2,3,3",4,3,10,7.00,28,1.00
14,"2,4,2",4,3,9,6.50,26,1.00
14,"2,5,1",4,3,6,5.00,20,1.00
14,"2,6,0",4,2,3,2.75,11,1.00
14,"3,0,5",4,2,4,3.25,13,1.00
14,"3,1,4",4,3,8,5.75,23,1.00
14,"3,2,3",4,3,10,7.00,28,1.00
14,"3,3,2",4,3,10,7.00,28,1.00
14,"3,4,1",4,3,8,5.75,23,1.00
14,"3,5,0",4,2,4,3.25,13,1.00
14,"4,0,4",4,2,5,3.50,14,1.00
14,"4,1,3",4,3,8,5.75,23,1.00
14,"4,2,2",4,3,9,6.50,26,1.00
14,"4,3,1",4,3,8,5.75,23,1.00
14,"4,4,0",4,2,5,3.50,14,1.00
14,"5,0,3",4,2,4,3.25,13,1.00
14,"5,1,2",4,3,6,5.00,20,1.00
14,"5,2,1",4,3,6,5.00,20,1.00
14,"5,3,0",4,2,4,3.25,13,1.00
14,"6,0,2",4,2,3,2.75,11,1.00
14,"6,1,1",4,3,4,3.75,15,1.00
14,"6,2,0",4,2,3,2.75,11,1.00
14,"7,0,1",4,2,2,2.00,8,1.00
14,"7,1,0",4,2,2,2.00,8,1.00
14,"8,0,0",4,1,1,1.00,4,1.00
15,"0,0,8",16,1,1,1.00,7,2.29
15,"0,1,7",16,2,3,2.75,20,2.20
15,"0,2,6",16,2,5,4.00,31,2.06
15,"0,3,5",16,2,7,4.75,38,2.00
15,"0,4,4",16,2,8,5.00,41,1.95
15,"0,5,3",16,2,7,4.75,38,2.00
15,"0,6,2",16,2,5,4.00,31,2.06
15,"0,7,1",16,2,3,2.75,20,2.20
15,"0,8,0",16,1,1,1.00,7,2.29
15,"1,0,7",16,2,3,2.75,20,2.20
15,"1,1,6",16,3,9,7.06,55,2.05
15,"1,2,5",16,3,15,9.94,82,1.94
15,"1,3,4",16,3,19,11.38,97,1.88
15,"1,4,3",16,3,19,11.38,97,1.88
15,"1,5,2",16,3,15,9.94,82,1.94
15,"1,6,1",16,3,9,7.06,55,2.05
15,"1,7,0",16,2,3,2.75,20,2.20
15,"2,0,6",16,2,5,4.00,31,2.06
15,"2,1,5",16,3,15,9.94,82,1.94
15,"2,2,4",16,3,23,13.56,117,1.85
15,"2,3,3",16,3,29,14.81,129,1.84
15,"2,4,2",16,3,23,13.56,117,1.85
15,"2,5,1",16,3,15,9.94,82,1.94
15,"2,6,0",16,2,5,4.00,31,2.06
15,"3,0,5",16,2,7,4.75,38,2.00
15,"3,1,4",16,3,19,11.38,97,1.88
15,"3,2,3",16,3,29,14.81,129,1.84
15,"3,3,2",16,3,29,14.81,129,1.84
15,"3,4,1",16,3,19,11.38,97,1.88
15,"3,5,0",16,2,7,4.75,38,2.00
15,"4,0,4",16,2,8,5.00,41,1.95
15,"4,1,3",16,3,19,11.38,97,1.88
15,"4,2,2",16,3,23,13.56,117,1.85
15,"4,3,1",16,3,19,11.38,97,1.88
15,"4,4,0",16,2,8,5.00,41,1.95
15,"5,0,3",16,2,7,4.75,38,2.00
15,"5,1,2",16,3,15,9.94,82,1.94
15,"5,2,1",16,3,15,9.94,82,1.94
15,"5,3,0",16,2,7,4.75,38,2.00
15,"6,0,2",16,2,5,4.00,31,2.06
15,"6,1,1",16,3,9,7.06,55,2.05
15,"6,2,0",16,2,5,4.00,31,2.06
15,"7,0,1",16,2,3,2.75,20,2.20
15,"7,1,0",16,2,3,2.75,20,2.20
15,"8,0,0",16,1,1,1.00,7,2.29
16,"0,0,8",10,1,1,1.00,4,2.50
16,"0,1,7",10,1,3,2.20,10,2.20
16,"0,2,6",10,1,5,3.10,14,2.21
16,"0,3,5",10,1,6,3.60,16,2.25
16,"0,4,4",10,1,7,3.80,16,2.38
16,"0,5,3",10,1,6,3.60,16,2.25
16,"0,6,2",10,1,5,3.10,14,2.21
16,"0,7,1",10,1,3,2.20,10,2.20
16,"0,8,0",10,1,1,1.00,4,2.50
16,"1,0,7",10,1,3,2.20,10,2.20
16,"1,1,6",10,1,9,4.90,25,1.96
16,"1,2,5",10,1,14,6.70,34,1.97
16,"1,3,4",10,1,17,7.60,37,2.05
16,"1,4,3",10,1,17,7.60,37,2.05
16,"1,5,2",10,1,14,6.70,34,1.97
16,"1,6,1",10,1,9,4.90,25,1.96
16,"1,7,0",10,1,3,2.20,10,2.20
16,"2,0,6",10,1,5,3.10,14,2.21
16,"2,1,5",10,1,14,6.70,34,1.97
16,"2,2,4",10,1,22,8.80,44,2.00
16,"2,3,3",10,1,23,9.40,47,2.00
16,"2,4,2",10,1,22,8.80,44,2.00
16,"2,5,1",10,1,14,6.70,34,1.97
16,"2,6,0",10,1,5,3.10,14,2.21
16,"3,0,5",10,1,6,3.60,16,2.25
16,"3,1,4",10,1,17,7.60,37,2.05
16,"3,2,3",10,1,23,9.40,47,2.00
16,"3,3,2",10,1,23,9.40,47,2.00
16,"3,4,1",10,1,17,7.60,37,2.05
16,"3,5,0",10,1,6,3.60,16,2.25
16,"4,0,4",10,1,7,3.80,16,2.38
16,"4,1,3",10,1,17,7.60,37,2.05
16,"4,2,2",10,1,22,8.80,44,2.00
16,"4,3,1",10,1,17,7.60,37,2.05
16,"4,4,0",10,1,7,3.80,16,2.38
16,"5,0,3",10,1,6,3.60,16,2.25
16,"5,1,2",10,1,14,6.70,34,1.97
16,"5,2,1",10,1,14,6.70,34,1.97
16,"5,3,0",10,1,6,3.60,16,2.25
16,"6,0,2",10,1,5,3.10,14,2.21
16,"6,1,1",10,1,9,4.90,25,1.96
16,"6,2,0",10,1,5,3.10,14,2.21
16,"7,0,1",10,1,3,2.20,10,2.20
16,"7,1,0",10,1,3,2.20,10,2.20
16,"8,0,0",10,1,1,1.00,4,2.50
17,"0,0,8",4,1,1,1.00,4,1.00
17,"0,1,7",4,1,2,1.75,7,1.00
17,"0,2,6",4,1,3,2.25,9,1.00
17,"0,3,5",4,1,4,2.50,10,1.00
17,"0,4,4",4,1,4,2.50,10,1.00
17,"0,5,3",4,1,4,2.50,10,1.00
17,"0,6,2",4,1,3,2.25,9,1.00
17,"0,7,1",4,1,2,1.75,7,1.00
17,"0,8,0",4,1,1,1.00,4,1.00
17,"1,0,7",4,1,2,1.75,7,1.00
17,"1,1,6",4,1,4,3.00,12,1.00
17,"1,2,5",4,1,6,3.75,15,1.00
17,"1,3,4",4,1,7,4.00,16,1.00
17,"1,4,3",4,1,7,4.00,16,1.00
17,"1,5,2",4,1,6,3.75,15,1.00
17,"1,6,1",4,1,4,3.00,12,1.00
17,"1,7,0",4,1,2,1.75,7,1.00
17,"2,0,6",4,1,3,2.25,9,1.00
17,"2,1,5",4,1,6,3.75,15,1.00
17,"2,2,4",4,1,8,4.50,18,1.00
17,"2,3,3",4,1,9,4.75,19,1.00
17,"2,4,2",4,1,8,4.50,18,1.00
17,"2,5,1",4,1,6,3.75,15,1.00
17,"2,6,0",4,1,3,2.25,9,1.00
17,"3,0,5",4,1,4,2.50,10,1.00
17,"3,1,4",4,1,7,4.00,16,1.00
17,"3,2,3",4,1,9,4.75,19,1.00
17,"3,3,2",4,1,9,4.75,19,1.00
17,"3,4,1",4,1,7,4.00,16,1.00
17,"3,5,0",4,1,4,2.50,10,1.00
17,"4,0,4",4,1,4,2.50,10,1.00
17,"4,1,3",4,1,7,4.00,16,1.00
17,"4,2,2",4,1,8,4.50,18,1.00
17,"4,3,1",4,1,7,4.00,16,1.00
17,"4,4,0",4,1,4,2.50,10,1.00
17,"5,0,3",4,1,4,2.50,10,1.00
17,"5,1,2",4,1,6,3.75,15,1.00
17,"5,2,1",4,1,6,3.75,15,1.00
17,"5,3,0",4,1,4,2.50,10,1.00
17,"6,0,2",4,1,3,2.25,9,1.00
17,"6,1,1",4,1,4,3.00,12,1.00
17,"6,2,0",4,1,3,2.25,9,1.00
17,"7,0,1",4,1,2,1.75,7,1.00
17,"7,1,0",4,1,2,1.75,7,1.00
17,"8,0,0",4,1,1,1.00,4,1.00
18,"0,0,8",16,1,1,1.00,7,2.29
18,"0,1,7",16,2,3,2.56,19,2.16
18,"0,2,6",16,2,5,3.69,28,2.11
18,"0,3,5",16,2,7,4.38,33,2.12
18,"0,4,4",16,2,8,4.63,35,2.11
18,"0,5,3",16,2,7,4.38,33,2.12
18,"0,6,2",16,2,5,3.69,28,2.11
18,"0,7,1",16,2,3,2.56,19,2.16
18,"0,8,0",16,1,1,1.00,7,2.29
18,"1,0,7",16,2,3,2.56,19,2.16
18,"1,1,6",16,3,9,6.19,50,1.98
18,"1,2,5",16,3,14,8.63,71,1.94
18,"1,3,4",16,3,17,9.88,81,1.95
18,"1,4,3",16,3,17,9.88,81,1.95
18,"1,5,2",16,3,14,8.63,71,1.94
18,"1,6,1",16,3,9,6.19,50,1.98
18,"1,7,0",16,2,3,2.56,19,2.16
18,"2,0,6",16,2,5,3.69,28,2.11
18,"2,1,5",16,3,14,8.63,71,1.94
18,"2,2,4",16,3,22,11.56,97,1.91
18,"2,3,3",16,3,24,12.50,104,1.92
18,"2,4,2",16,3,22,11.56,97,1.91
18,"2,5,1",16,3,14,8.63,71,1.94
18,"2,6,0",16,2,5,3.69,28,2.11
18,"3,0,5",16,2,7,4.38,33,2.12
18,"3,1,4",16,3,17,9.88,81,1.95
18,"3,2,3",16,3,24,12.50,104,1.92
18,"3,3,2",16,3,24,12.50,104,1.92
18,"3,4,1",16,3,17,9.88,81,1.95
18,"3,5,0",16,2,7,4.38,33,2.12
18,"4,0,4",16,2,8,4.63,35,2.11
18,"4,1,3",16,3,17,9.88,81,1.95
18,"4,2,2",16,3,22,11.56,97,1.91
18,"4,3,1",16,3,17,9.88,81,1.95
18,"4,4,0",16,2,8,4.63,35,2.11
18,"5,0,3",16,2,7,4.38,33,2.12
18,"5,1,2",16,3,14,8.63,71,1.94
18,"5,2,1",16,3,14,8.63,71,1.94
18,"5,3,0",16,2,7,4.38,33,2.12
18,"6,0,2",16,2,5,3.69,28,2.11
18,"6,1,1",16,3,9,6.19,50,1.98
18,"6,2,0",16,2,5,3.69,28,2.11
18,"7,0,1",16,2,3,2.56,19,2.16
18,"7,1,0",16,2,3,2.56,19,2.16
18,"8,0,0",16,1,1,1.00,7,2.29
19,"0,0,8",10,1,1,1.00,4,2.50
19,"0,1,7",10,2,3,2.60,11,2.36
19,"0,2,6",10,2,5,3.70,17,2.18
19,"0,3,5",10,2,7,4.40,21,2.10
19,"0,4,4",10,2,7,4.60,23,2.00
19,"0,5,3",10,2,7,4.40,21,2.10
19,"0,6,2",10,2,5,3.70,17,2.18
19,"0,7,1",10,2,3,2.60,11,2.36
19,"0,8,0",10,1,1,1.00,4,2.50
19,"1,0,7",10,2,3,2.60,11,2.36
19,"1,1,6",10,3,9,6.50,30,2.17
19,"1,2,5",10,3,15,9.10,45,2.02
19,"1,3,4",10,3,19,10.40,54,1.93
19,"1,4,3",10,3,19,10.40,54,1.93
19,"1,5,2",10,3,15,9.10,45,2.02
19,"1,6,1",10,3,9,6.50,30,2.17
19,"1,7,0",10,2,3,2.60,11,2.36
19,"2,0,6",10,2,5,3.70,17,2.18
19,"2,1,5",10,3,15,9.10,45,2.02
19,"2,2,4",10,3,23,12.40,65,1.91
19,"2,3,3",10,3,29,13.60,72,1.89
19,"2,4,2",10,3,23,12.40,65,1.91
19,"2,5,1",10,3,15,9.10,45,2.02
19,"2,6,0",10,2,5,3.70,17,2.18
19,"3,0,5",10,2,7,4.40,21,2.10
19,"3,1,4",10,3,19,10.40,54,1.93
19,"3,2,3",10,3,29,13.60,72,1.89
19,"3,3,2",10,3,29,13.60,72,1.89
19,"3,4,1",10,3,19,10.40,54,1.93
19,"3,5,0",10,2,7,4.40,21,2.10
19,"4,0,4",10,2,7,4.60,23,2.00
19,"4,1,3",10,3,19,10.40,54,1.93
19,"4,2,2",10,3,23,12.40,65,1.91
19,"4,3,1",10,3,19,10.40,54,1.93
19,"4,4,0",10,2,7,4.60,23,2.00
19,"5,0,3",10,2,7,4.40,21,2.10
19,"5,1,2",10,3,15,9.10,45,2.02
19,"5,2,1",10,3,15,9.10,45,2.02
19,"5,3,0",10,2,7,4.40,21,2.10
19,"6,0,2",10,2,5,3.70,17,2.18
19,"6,1,1",10,3,9,6.50,30,2.17
19,"6,2,0",10,2,5,3.70,17,2.18
19,"7,0,1",10,2,3,2.60,11,2.36
19,"7,1,0",10,2,3,2.60,11,2.36
19,"8,0,0",10,1,1,1.00,4,2.50