aacccbccabaaacaaabbbaacbbbccaaabbbaaacaa	baacccaaaccbbaaacaabbbcbabbbcccbbbaaabca
aacccbccabaaacaaabbbaacbbbccaaabbbaaacaa	baacccaaaccbbaaacaabbbcbbabbcccbbbaaabca
aacccbccabaaacaaabbbaacbbbccaaabbbaaacaa	baacccaaaccbbaacaaabbbcbabbbcccbbbaaabca
aacccbccabaaacaaabbbaacbbbccaaabbbaaacaa	baacccaaaccbbaacaaabbbcbbabbcccbbbaaabca
abaaacaaabbcbabbccaccbcccaaabaaacaaabbba	acbccabbcbbbabbcacbcaabbbaaacaaabaaaccbc
abbcaccbccaaabacabbbccaaabbbaaacaaabaaac	cbaacccabcbbaaccbacaaabaaaccbbbaaabbcbbb
abbcaccbccaaabacabbbccaaabbbaaacaaabaaac	cbaacccbacbbaaccbacaaabaaaccbbbaaabbcbbb
acccbccabaaacaaabbbaaaccbbbcaabbbaaacaaa	baaaccbaacaaabbbccacccbccaabbbcbbaaabbba
baaabbcbbbaacccaaabbbaaacaaabaaacccbccaa	abbbaaacabaccbbaaabbbacbbbcccbbaacccaaac
baaabbcbbbaacccaaabbbaaacaaabaaacccbccaa	bbbaaabccaaacbbaaabbbacbbbcccbbaacccaaac
baaabbcbbbaacccaaabbbaaacaaabaaacccbccaa	bbbaaabccaaacbbaaabbbcbabbbcccbaacccaaac
baaabbcbbbaacccaaabbbaaacaaabaaacccbccaa	bbbaaabccaaacbbaaabbbcbbabbcccbaacccaaac
baaabbcbbbaacccaaabbbaaacaaabaaacccbccaa	bbbaaabccaaacbbaaabbbcbbbabcccbaacccaaac
baacbacccaaacbabbbccaaabbbaaacaaabaaaccb	aacccbcabaacccaabbbcbbaacaaabaacbbabbbcb
baacccbbbaaacbccaaabaaacaaabbbaaacccaabb	baaabccaaacccaabbbcccbbaacabbcbbbabbcaaa
baacccbbbaaacbccaaabaaacaaabbbaaacccaabb	baaabccaaacccaabbbcccbbacaabbcbbbabbcaaa
baacccbbbaaacbccaaabaaacaaabbbaaacccaabb	baaabccaaacccaabcccbbbabcaabbcbbbabbcaaa
baacccbbbaaacbccaaabaaacaaabbbaaacccaabb	bcbbaaabcaaacccaabbcccabacabbcbbbabbcaaa
baacccbbbaaacbccaaabaaacaaabbbaaacccaabb	bcbbaaabcaaacccaabbcccabcaabbcbbbabbcaaa
baacccbbbaaacbccaaabaaacaaabbbaaacccaabb	bcbbaaabcaaacccaabbcccbaacabbcbbbabbcaaa
baacccbbbaaacbccaaabaaacaaabbbaaacccaabb	bcbbaaabcaaacccaabbcccbacaabbcbbbabbcaaa
baacccbbbaaacbccaaabaaacaaabbbaaacccaabb	bcbbaaabcaaacccaabcccbbaacabbcbbbabbcaaa
baacccbbbaaacbccaaabaaacaaabbbaaacccaabb	bcbbaaabcaaacccaabcccbbacaabbcbbbabbcaaa
babccacccbbaaacccaaabaaacaaabbcaabbbaaab	bcaaaccbaaabbcbbbabbcacbcccaaabaaacabcbb
babccacccbbaaacccaaabaaacaaabbcaabbbaaab	bcaaaccbaaabbcbbbabbcaccbccaaabaaacabcbb
babccacccbbaaacccaaabaaacaaabbcaabbbaaab	bcaaaccbaaabbcbbbabbccabcccaaabaaacabcbb
babccacccbbaaacccaaabaaacaaabbcaabbbaaab	bcaaaccbaaabbcbbbabbccacbccaaabaaacabcbb
babccacccbbaaacccaaabaaacaaabbcaabbbaaab	bcaaaccbbabbbcaccbbbccaaabacaaabbbaaaccb
babccacccbbaaacccaaabaaacaaabbcaabbbaaab	bcaaaccbbabbbcaccbbbccaabaacaaabbbaaaccb
babccacccbbaaacccaaabaaacaaabbcaabbbaaab	bcaaaccbbabbbcccbbbaaaccbaacaaabbbaaaccb
bbaaabbccacbbbaaaccbaacccaaabaaacaaabbca	abbbaaabbcaaaccbbabcaaacccaabbcaccbbbcab
bbaaabbccacbbbaaaccbaacccaaabaaacaaabbca	abbbaaabbcaaaccbbacbaaacccaabbcaccbbbcab
bbbaaacccbccabaaacaaabbcbbbaaacaaabaaacc	baacccaaabaaacaaabbcccbbbaaabbbcbabbbccc
bbbaaacccbccabaaacaaabbcbbbaaacaaabaaacc	baacccaaabaaacaaabbcccbbbaaabbcbbabbbccc
bbccacbccaaabaaacabcbbbaacbbaaacaaabaaac	ccaabbccabcbbaacaaabaacbbabbbcbbacccbaaa
bcbbbaaabbcaaacccaabbbaaacaaabaaaccbaacc	caaaccbbbcaabbbaaabcaaacccaabbcaccbbbabb
bcbbbaaacabaaacccaabbbacbbaaacaaabaaaccc	aaabbbacccaaacbaaabbbcbacaabcccaccbbbabb
bcbbbaaacabaaacccaabbbacbbaaacaaabaaaccc	aaabbbacccaaacbaaabbbccaaabbcccaccbbbabb
bcbbbaaacabaaacccaabbbacbbaaacaaabaaaccc	aaabbbacccaaacbaaabbbccaabacbccaccbbbabb
bcbbbaaacabaaacccaabbbacbbaaacaaabaaaccc	aaabbbacccaaacbaaabbbccabaacbccaccbbbabb
bcbbbaaacabaaacccaabbbacbbaaacaaabaaaccc	aabbcaccbaacaaabbbcbaacccaaabbcaccbbbabb
bcccabaaacaaabbcabbbaaabbcaccbaacaaabaac	cbacccaaabbbacccbbbabbbcbbbaaacaaabaaacc
bcccabaaacaaabbcabbbaaabbcaccbaacaaabaac	cbacccaaabbbcaccbbbabbbcbbbaaacaaabaaacc
ccaccbabbcbbaacaaabaacbccaaabaaacaaabbba	acbbaaaccbbbabbbcbaaabbcccbaacaaabaaccbc
ccaccbabbcbbaacaaabaacbccaaabaaacaaabbba	acbbaaaccbbbabbbcbaaabbcccbacaaabaaaccbc
ccbbaacabbbcbbaacaaabaacbcccaaabaaacaaab	bbaacbccaabaaacbbabbbcbbaaaccbbacbcccaaa
ccbcaabbccaaacbbaaabbbaacbbaaacaaabaaacc	caabbbaaacaaabacccbbbcabbbaacbbbccaabcac
ccbcaabbccaaacbbaaabbbaacbbaaacaaabaaacc	caabbbaaacaabaacccbbbcabbbaacbbbccaabcac
ccbcaabbccaaacbbaaabbbaacbbaaacaaabaaacc	caabbbaacaaabaacccbbbcabbbaacbbbccaabcac
ccbccacbbbccaaabaaacaaabbbaacbbaaacaaaba	aacccbcaabbcccbaccbbbabbbcbbbaaacaaabaaa
cccabbcbbbacaaabbbaaacccaaabaaacaaabbcaa	baaacccbccaabbccabcbbbabbbccaaabbcaabaaa
cccabccaaabaaacabbbaaaccbbbcaabbbaaacaaa	baaaccbaacaaabbbccacccbccabbbcbbaaabbbaa
cccabccaaabaaacabbbaaaccbbbcaabbbaaacaaa	baaaccbaacccaaabbccacccbbabbbcbbaaabbbaa
cccabccaaabaaacabbbaaaccbbbcaabbbaaacaaa	baaaccbaacccaaabbccacccbbbabbbcbaaabbbaa
cccabccaaabaaacabbbaaaccbbbcaabbbaaacaaa	baaaccbaacccaaabbccacccbbbabbcbbaaabbbaa
cccabccaaabaaacabbbaaaccbbbcaabbbaaacaaa	baaaccbaacccaaabbcccaccbbabbbcbbaaabbbaa
cccabccaaabaaacabbbaaaccbbbcaabbbaaacaaa	baaaccbaacccaaabbcccaccbbbabbbcbaaabbbaa
cccabccaaabaaacabbbaaaccbbbcaabbbaaacaaa	baaaccbaacccaaabbcccaccbbbabbcbbaaabbbaa
cccabccaaabaaacabbbaaaccbbbcaabbbaaacaaa	baaaccbacccaaabaaccbbbcccbabbbcbaaabbbaa
cccabccaaabaaacabbbaaaccbbbcaabbbaaacaaa	baaaccbacccaabaaaccbbbcccbabbbcbaaabbbaa
cccabccaaabaaacabbbaaaccbbbcaabbbaaacaaa	baaaccbcaabaaaccbbbcabbbaaaccbbbcccbbaaa
cccabccaaabaaacabbbaaaccbbbcaabbbaaacaaa	baaaccbcccaabaaaccbbbccacbabbbcbaaabbbaa
cccaccbaaabbcaaaccbbaaabbbaacbbaaacaaaba	aacccaabbbaaacabbcccbaaacbbabbbcbbaaaccb
cccbbbccaabaaacbccaaabaaacaaabbbaacbbaaa	cccbbaacbabbbcbbbaacbbaaacaabaacccbcabaa
