aabbbcccaaabbcaabbbaaacaaabaaacccaaabbcc	aabcbbbaaabcaaacccabbcccbaacabbbcbbaacba
aabbbcccaaabbcaabbbaaacaaabaaacccaaabbcc	aabcbbbaaabcaaacccabbcccbaacabbcbbbaacba
abbbccacbbbaaabcaaacccaabbbaaacaaabaaacc	bccacccbbacbbbaaacabccaaabaaacaaabbbcbbb
abbbccacbbbaaabcaaacccaabbbaaacaaabaaacc	bcccaccbabcbbbaaacabccaaabaaacaaabbbcbbb
abbbccacbbbaaabcaaacccaabbbaaacaaabaaacc	bcccaccbbacbbbaaacabccaaabaaacaaabbbcbbb
abbbccacbbbaaabcaaacccaabbbaaacaaabaaacc	cbcacccbbacbbbaaacabccaaabaaacaaabbbcbbb
abbbccacbbbaaabcaaacccaabbbaaacaaabaaacc	cbccaccbbacbbbaaacabccaaabaaacaaabbbcbbb
abbbcccabbbaaabcaaacccaabbbaaacaaabaaacc	bccacccbbacbbbaaacabccaaabaaacaaabbbcbbb
abbbcccabbbaaabcaaacccaabbbaaacaaabaaacc	bcccaccbabcbbbaaacabccaaabaaacaaabbbcbbb
abbbcccabbbaaabcaaacccaabbbaaacaaabaaacc	bcccaccbbacbbbaaacabccaaabaaacaaabbbcbbb
abbccabcbbbaaabcaaacccaabbbaaacccaaabaaa	caaabbcaabaaacccbbbaaabbbcbabbbccabcccaa
abbccabcbbbaaabcaaacccaabbbaaacccaaabaaa	caaabbcaabaaacccbbbaaabbbcbabbbccacbccaa
abbccabcbbbaaabcaaacccaabbbaaacccaaabaaa	caaabbcaabaaacccbbbaaabbbcbabbbccaccbcaa
abbccabcbbbaaabcaaacccaabbbaaacccaaabaaa	caaabbcaabaaacccbbbaaabbbcbabbbcccabccaa
abbccabcbbbaaabcaaacccaabbbaaacccaaabaaa	caaabbcaabaaacccbbbaaabbbcbabbbcccacbcaa
abbccabcbbbaaabcaaacccaabbbaaacccaaabaaa	caaabbcaabaaacccbbbaaabbbcbbabbccabcccaa
abbccabcbbbaaabcaaacccaabbbaaacccaaabaaa	caaabbcaabaaacccbbbaaabbbcbbabbccacbccaa
abbccabcbbbaaabcaaacccaabbbaaacccaaabaaa	caaabbcaabaaacccbbbaaabbbcbbabbccaccbcaa
abbccabcbbbaaabcaaacccaabbbaaacccaaabaaa	caaabbcaabaaacccbbbaaabbbcbbabbcccabccaa
abbccabcbbbaaabcaaacccaabbbaaacccaaabaaa	caaabbcaabaaacccbbbaaabbbcbbabbcccacbcaa
abbccabcbbbaaabcaaacccaabbbaaacccaaabaaa	caaabbcaabaaacccbbbaaabbbcbbbabcaccbccaa
abbccabcbbbaaabcaaacccaabbbaaacccaaabaaa	caaabbcaabaaacccbbbaaabbbcbbbabcacccbcaa
abbccabcbbbaaabcaaacccaabbbaaacccaaabaaa	caaabbcaabaaacccbbbaaabbcbbabbbccabcccaa
abbccabcbbbaaabcaaacccaabbbaaacccaaabaaa	caaabbcaabaaacccbbbaaabbcbbabbbccacbccaa
abbccabcbbbaaabcaaacccaabbbaaacccaaabaaa	caaabbcaabaaacccbbbaaabbcbbabbbccaccbcaa
abbccabcbbbaaabcaaacccaabbbaaacccaaabaaa	caaabbcaabaaacccbbbaaabbcbbabbbcccabccaa
abbccabcbbbaaabcaaacccaabbbaaacccaaabaaa	caaabbcaabaaacccbbbaaabbcbbabbbcccacbcaa
abbccabcbbbaaabcaaacccaabbbaaacccaaabaaa	caaabbcaabaaacccbbbaaabbcbbbabbcacbcccaa
abbccabcbbbaaabcaaacccaabbbaaacccaaabaaa	caaabbcaabaaacccbbbaaabbcbbbabbcaccbccaa
abbccabcbbbaaabcaaacccaabbbaaacccaaabaaa	caaabbcaabaaacccbbbaaabbcbbbabbcacccbcaa
abbccabcbbbaaabcaaacccaabbbaaacccaaabaaa	caaabbcaabaaacccbbbaaabbcbbbabbccabcccaa
abbccabcbbbaaabcaaacccaabbbaaacccaaabaaa	caaabbcaabaaacccbbbaaabbcbbbabbccacbccaa
abbccabcbbbaaabcaaacccaabbbaaacccaaabaaa	caaabbcaabaaacccbbbaaabbcbbbabbccaccbcaa
abbccabcbbbaaabcaaacccaabbbaaacccaaabaaa	caaabbcaabaaacccbbbaaabbcbbbabbcccabccaa
abbccabcbbbaaabcaaacccaabbbaaacccaaabaaa	caaabbcaabaaacccbbbaaabbcbbbabbcccacbcaa
abbccabcbbbaaabcaaacccaabbbaaacccaaabaaa	caaabbcaabaaacccbbbaaabcbbbabbbccabcccaa
abbccabcbbbaaabcaaacccaabbbaaacccaaabaaa	caaabbcaabaaacccbbbaaabcbbbabbbccacbccaa
abbccabcbbbaaabcaaacccaabbbaaacccaaabaaa	caaabbcaabaaacccbbbaaabcbbbabbbccaccbcaa
abbccabcbbbaaabcaaacccaabbbaaacccaaabaaa	caaabbcaabaaacccbbbaaabcbbbabbbcccabccaa
abbccabcbbbaaabcaaacccaabbbaaacccaaabaaa	caaabbcaabaaacccbbbaaabcbbbabbbcccacbcaa
abbccabcbbbaaabcaaacccaabbbaaacccaaabaaa	caaabbcaabbbaaacccbaaabbbcbabbbcccabccaa
abbccabcbbbaaabcaaacccaabbbaaacccaaabaaa	caaabbcaabbbaaacccbaaabbbcbabbbcccacbcaa
abbccabcbbbaaabcaaacccaabbbaaacccaaabaaa	caaabbcaabbbaaacccbaaabbbcbbabbcccabccaa
abbccabcbbbaaabcaaacccaabbbaaacccaaabaaa	caaabbcaabbbaaacccbaaabbbcbbabbcccacbcaa
acbaccbbacbbbaaacaaabacbcccaaabaaacaaabb	caabbbaaabbcaaaccbaaabbbcbabbbcccbacccaa
acbaccbbacbbbaaacaaabacbcccaaabaaacaaabb	caabbbaaabbcaaaccbaaabbbcbbabbcccbacccaa
acbaccbbacbbbaaacaaabacbcccaaabaaacaaabb	caabbbaaabbcaaaccbaaabbcbbabbbcccbacccaa
acbaccbbacbbbaaacaaabacbcccaaabaaacaaabb	caabbbaaabbcaaaccbaaabbcbbbabbcccbacccaa
acccaaaccbbaacbaaabbbcbabccaaabaaacaaabb	baaaccbcccaabaacabcccbbbabbbcbbbaaacaaab
acccaaaccbbaacbaaabbbcbabccaaabaaacaaabb	baaaccbcccaabaacabcccbbbabbbcbbbaaacaaba
acccaaaccbbaacbaaabbbcbabccaaabaaacaaabb	baaaccbcccaabaacabcccbbbabbbcbbbaacaaaba
acccbabbbcbaacaaabbbaacccaaabaaacaaabbca	abbbaaaccbbabbbcccbbaaccbacccaaabaacbbaa
acccbabbbcbaacaaabbbaacccaaabaaacaaabbca	abbbaaaccbbbabbcccbbaaccbacccaaabaacbbaa
acccbabbbcbaacaaabbbaacccaaabaaacaaabbca	abbbacbbbcccaaabbbcccbacccaaabaaacaaabbb
baccbbbacbbaaacaaabacbbaaacccaabccaaabaa	acaaabbbaacbbaaacccbbbaaabbbcbbaccbcccaa
baccbbbacbbaaacaaabacbbaaacccaabccaaabaa	acaaabbbaacbbaaacccbbbaaabbcbbbaccbcccaa
baccbcccabbbaaacccaaabaaacaaabbcaabbbaaa	cccbaaabbbcbabbbccacbccaaabbcabbbaaacaaa
baccbcccabbbaaacccaaabaaacaaabbcaabbbaaa	cccbaaabbbcbabbbcccbbbaacccaaabbbaaacaaa
baccbcccabbbaaacccaaabaaacaaabbcaabbbaaa	cccbaaabbbcbbabbccacbccaaabbcabbbaaacaaa
baccbcccabbbaaacccaaabaaacaaabbcaabbbaaa	cccbaaabbbcbbabbcccbbbaacccaaabbbaaacaaa
baccbcccabbbaaacccaaabaaacaaabbcaabbbaaa	cccbaaabbbcbbbabcaccbccaaabbcabbbaaacaaa
baccbcccabbbaaacccaaabaaacaaabbcaabbbaaa	cccbaaabbbcbbbabcccbbbaacccaaabbbaaacaaa
bbaacccbbbaaabbcaaacccaabbbaaacaaabaaacc	baacccaaaccbaaabbbaacbcacccbbbabbbcbaaab
bbaacccbbbaaabbcaaacccaabbbaaacaaabaaacc	baacccaaaccbbaaabbbccaaacccbbbabbbcbaaab
bbacccaabccaaabaaacaaabbbacbbaaccbacaaab	accbcccabbbcbbaaabbbaaccbabbcaabaaacaabc
bbbcacccbcccaaabaaacaaabbcaabbbaaacaaaba	aaccbcabaaacaaabbbcbbbabbbccabbcbaaaccca
bbbcacccbcccaaabaaacaaabbcaabbbaaacaaaba	aaccbcabaaacaaabbbcbbbabbbccabcbbaaaccca
bbbcacccbcccaaabaaacaaabbcaabbbaaacaaaba	aaccbcabaaacaaabbbcbbbabbbccacbbbaaaccca
bbbcacccbcccaaabaaacaaabbcaabbbaaacaaaba	aaccbcabaaacaaabbbcbbbabbbcccabbbaaaccca
bbbcbbbaacccaaabbbaaacaaabaaacccaabccaaa	bbbaacbccaccbbbcccaabbbaaacaaabaaaccbbba
cbaccbbbcaabbbaaacaaabacbcccaaabaaacaaab	bcaabbbaaabbcaaaccbbabbbcccbbaacbacccaaa
cbbbaaabcaabbbccaaacccaabccaaabaaacaaabb	baacccaaabaaacabbbaaabbccabcbbbabbbccacc
cbbbaaabcaabbbccaaacccaabccaaabaaacaaabb	baacccaaabaacaabbbaaabbccabcbbbabbbccacc
cbbbaaabcaabbbccaaacccaabccaaabaaacaaabb	baacccaabaaacaabbbaaabbccabcbbbabbbccacc
cbcccaabcaaabbbacccaaabaaacaaabbcaabbbaa	abbcccbaacccaaabaacaabbbaaaccbbabbbcbbac
cbcccaabcaaabbbacccaaabaaacaaabbcaabbbaa	abbcccbaacccaaabacaaabbbaaaccbbabbbcbbac
ccaaaccbbacbbbccaaabaaacaaabbbaacbbaaaca	aabaaacccaaabbccacccbbbaaabcaabbbcbbbabc
ccaaaccbbacbbbccaaabaaacaaabbbaacbbaaaca	aabaaacccaaabbccacccbbbaacbaaabbbcbbbabc
ccaaaccbbacbbbccaaabaaacaaabbbaacbbaaaca	aabaaacccaaabbcccaccbbbaaabcaabbbcbbbabc
ccaaaccbbacbbbccaaabaaacaaabbbaacbbaaaca	aabaaacccaaabbcccaccbbbaacbaaabbbcbbbabc
ccaaaccbbacbbbccaaabaaacaaabbbaacbbaaaca	aabaaacccaaabbcccbbabccaaabcaabbbcbbbabc
cccaaabcbbbabcccaaabaaacaaabbcaabbbaaaca	aabaaaccbcccaaabaaccbbbaaabbbcbabbbcccba
cccaaabcbbbabcccaaabaaacaaabbcaabbbaaaca	aabaaaccbcccaaabaaccbbbaaabbcbbabbbcccba
cccaaabcbbbabcccaaabaaacaaabbcaabbbaaaca	aabaaaccbcccaaabaaccbbbaaabcbbbabbbcccba
cccbbbaacabccaaabaaacaaabbbaaacccaabbbaa	abccaaacccaabbbcccbbaacabbcbbbabbcaaabaa
cccbbbaacabccaaabaaacaaabbbaaacccaabbbaa	abccaaacccaabbbcccbbacaabbcbbbabbcaaabaa
cccbbbaacabccaaabaaacaaabbbaaacccaabbbaa	abccaaacccaabcccbbbabcaabbcbbbabbcaaabaa
