1	265	ccaaabaaacaaabbbccabbcbbbaaabbbccabbccca	ccaaabbcccacccbcccaaaccbbbaacbbabbbcccba	ccbbbabbbcbbbaacaaabaacbbbcccbbaaacccaab	cbabbcccaaabaaacabbcbbbaaacaaabaaaccbaac	aacbbbcccacccbcccaabccaaabbcabcccaaaccbb	0
1	265	ccaaabaaacaaabbbccabbcbbbaaabbbccabbccca	ccaaabbcccacccbcccaaaccbbbaacbbabbbcccba	ccbbbabbbcbbbaacaaabaacbbbcccbbaaacccaab	cbabbcccaaabaaacabbcbbbaaacaaabaaaccbaac	aacbbbcccacccbcccaabccaaabbcacbcccaaabcb	0
1	265	ccaaabaaacaaabbbccabbcbbbaaabbbccabbccca	ccaaabbcccacccbcccaaaccbbbaacbbabbbcccba	ccbbbabbbcbbbaacaaabaacbbbcccbbaaacccaab	cbabbcccaaabaaacabbcbbbaaacaaabaaaccbaac	aacbbbcccacccbcccaabccaaabbcacbcccaaacbb	0
1	265	ccaaabaaacaaabbbccabbcbbbaaabbbccabbccca	ccaaabbcccacccbcccaaaccbbbaacbbabbbcccba	ccbbbabbbcbbbaacaaabaacbbbcccbbaaacccaab	cbabbcccaaabaaacabbcbbbaaacaaabaaaccbaac	aacbbbcccacccbcccaabccaaabbcacbcccaabacb	0
1	265	ccaaabaaacaaabbbccabbcbbbaaabbbccabbccca	ccaaabbcccacccbcccaaaccbbbaacbbabbbcccba	ccbbbabbbcbbbaacaaabaacbbbcccbbaaacccaab	cbabbcccaaabaaacabbcbbbaaacaaabaaaccbaac	aacbbbcccacccbcccaabccaaabbcacbcccaabbca	0
1	265	ccaaabaaacaaabbbccabbcbbbaaabbbccabbccca	ccaaabbcccacccbcccaaaccbbbaacbbabbbcccba	ccbbbabbbcbbbaacaaabaacbbbcccbbaaacccaab	cbabbcccaaabaaacabbcbbbaaacaaabaaaccbaac	aacbbbcccacccbcccaabccaaabbcacbcccaabcab	0
1	265	ccaaabaaacaaabbbccabbcbbbaaabbbccabbccca	ccaaabbcccacccbcccaaaccbbbaacbbabbbcccba	ccbbbabbbcbbbaacaaabaacbbbcccbbaaacccaab	cbabbcccaaabaaacabbcbbbaaacaaabaaaccbaac	aacbbbcccacccbcccaabccaaabbcacbcccaabcba	0
1	265	ccaaabaaacaaabbbccabbcbbbaaabbbccabbccca	ccaaabbcccacccbcccaaaccbbbaacbbabbbcccba	ccbbbabbbcbbbaacaaabaacbbbcccbbaaacccaab	cbabbcccaaabaaacabbcbbbaaacaaabaaaccbaac	aacbbbcccacccbcccaabccaaabbcaccbccaabbca	0
1	265	ccaaabaaacaaabbbccabbcbbbaaabbbccabbccca	ccaaabbcccacccbcccaaaccbbbaacbbabbbcccba	ccbbbabbbcbbbaacaaabaacbbbcccbbaaacccaab	cbabbcccaaabaaacabbcbbbaaacaaabaaaccbaac	aacbbbcccacccbcccaabccaaabbcacccbcaabbca	0
1	265	ccaaabaaacaaabbbccabbcbbbaaabbbccabbccca	ccaaabbcccacccbcccaaaccbbbaacbbabbbcccba	ccbbbabbbcbbbaacaaabaacbbbcccbbaaacccaab	cbabbcccaaabaaacabbcbbbaaacaaabaaaccbaac	aacbbbcccacccbcccaabccaaabcaabbbccaccbca	0
1	265	ccaaabaaacaaabbbccabbcbbbaaabbbccabbccca	ccaaabbcccacccbcccaaaccbbbaacbbabbbcccba	ccbbbabbbcbbbaacaaabaacbbbcccbbaaacccaab	cbabbcccaaabaaacabbcbbbaaacaaabaaaccbaac	aacbbbcccacccbcccaabccaaabcaabbbccacccba	0
1	265	ccaaabaaacaaabbbccabbcbbbaaabbbccabbccca	ccaaabbcccacccbcccaaaccbbbaacbbabbbcccba	ccbbbabbbcbbbaacaaabaacbbbcccbbaaacccaab	cbabbcccaaabaaacabbcbbbaaacaaabaaaccbaac	aacbbbcccacccbcccaabccaaabcaabbbcccacbca	0
1	265	ccaaabaaacaaabbbccabbcbbbaaabbbccabbccca	ccaaabbcccacccbcccaaaccbbbaacbbabbbcccba	ccbbbabbbcbbbaacaaabaacbbbcccbbaaacccaab	cbabbcccaaabaaacabbcbbbaaacaaabaaaccbaac	aacbbbcccacccbcccaabccaaabcaabbbcccaccba	0
1	265	ccaaabaaacaaabbbccabbcbbbaaabbbccabbccca	ccaaabbcccacccbcccaaaccbbbaacbbabbbcccba	ccbbbabbbcbbbaacaaabaacbbbcccbbaaacccaab	cbabbcccaaabaaacabbcbbbaaacaaabaaaccbaac	aacbbbcccacccbcccaabccaaabcabbbccaaacccb	0
1	265	ccaaabaaacaaabbbccabbcbbbaaabbbccabbccca	ccaaabbcccacccbcccaaaccbbbaacbbabbbcccba	ccbbbabbbcbbbaacaaabaacbbbcccbbaaacccaab	cbabbcccaaabaaacabbcbbbaaacaaabaaaccbaac	aacbbbcccacccbcccaabccaaabcabbbcccaaaccb	0
1	265	ccaaabaaacaaabbbccabbcbbbaaabbbccabbccca	ccaaabbcccacccbcccaaaccbbbaacbbabbbcccba	ccbbbabbbcbbbaacaaabaacbbbcccbbaaacccaab	cbabbcccaaabaaacabbcbbbaaacaaabaaaccbaac	aacbbbcccacccbcccaabccaaabcabbbcccacbaca	0
1	265	ccaaabaaacaaabbbccabbcbbbaaabbbccabbccca	ccaaabbcccacccbcccaaaccbbbaacbbabbbcccba	ccbbbabbbcbbbaacaaabaacbbbcccbbaaacccaab	cbabbcccaaabaaacabbcbbbaaacaaabaaaccbaac	aacbbbcccacccbcccaabccaaabcabbcccabaaccb	0
1	265	ccaaabaaacaaabbbccabbcbbbaaabbbccabbccca	ccaaabbcccacccbcccaaaccbbbaacbbabbbcccba	ccbbbabbbcbbbaacaaabaacbbbcccbbaaacccaab	cbabbcccaaabaaacabbcbbbaaacaaabaaaccbaac	aacbbbcccacccbcccaabccaaabcabbcccabccaab	0
1	265	ccaaabaaacaaabbbccabbcbbbaaabbbccabbccca	ccaaabbcccacccbcccaaaccbbbaacbbabbbcccba	ccbbbabbbcbbbaacaaabaacbbbcccbbaaacccaab	cbabbcccaaabaaacabbcbbbaaacaaabaaaccbaac	aacbbbcccacccbcccaabccaaabcabbcccacbcaab	0
1	265	ccaaabaaacaaabbbccabbcbbbaaabbbccabbccca	ccaaabbcccacccbcccaaaccbbbaacbbabbbcccba	ccbbbabbbcbbbaacaaabaacbbbcccbbaaacccaab	cbabbcccaaabaaacabbcbbbaaacaaabaaaccbaac	aacbbbcccacccbcccaabccaaabcabbcccbaaaccb	0
1	265	ccaaabaaacaaabbbccabbcbbbaaabbbccabbccca	ccaaabbcccacccbcccaaaccbbbaacbbabbbcccba	ccbbbabbbcbbbaacaaabaacbbbcccbbaaacccaab	cbabbcccaaabaaacabbcbbbaaacaaabaaaccbaac	aacbbbcccacccbcccaabccaaacbabbbccaaacccb	0
1	265	ccaaabaaacaaabbbccabbcbbbaaabbbccabbccca	ccaaabbcccacccbcccaaaccbbbaacbbabbbcccba	ccbbbabbbcbbbaacaaabaacbbbcccbbaaacccaab	cbabbcccaaabaaacabbcbbbaaacaaabaaaccbaac	aacbbbcccacccbcccaabccaaacbabbbcccaaaccb	0
1	265	ccaaabaaacaaabbbccabbcbbbaaabbbccabbccca	ccaaabbcccacccbcccaaaccbbbaacbbabbbcccba	ccbbbabbbcbbbaacaaabaacbbbcccbbaaacccaab	cbabbcccaaabaaacabbcbbbaaacaaabaaaccbaac	aacbbbcccacccbcccaabccaaacbabbbcccacbaca	0
1	265	ccaaabaaacaaabbbccabbcbbbaaabbbccabbccca	ccaaabbcccacccbcccaaaccbbbaacbbabbbcccba	ccbbbabbbcbbbaacaaabaacbbbcccbbaaacccaab	cbabbcccaaabaaacabbcbbbaaacaaabaaaccbaac	aacbbbcccacccbcccaabccaaacbabbcacbcccaab	0
1	265	ccaaabaaacaaabbbccabbcbbbaaabbbccabbccca	ccaaabbcccacccbcccaaaccbbbaacbbabbbcccba	ccbbbabbbcbbbaacaaabaacbbbcccbbaaacccaab	cbabbcccaaabaaacabbcbbbaaacaaabaaaccbaac	aacbbbcccacccbcccaabccaaacbabbcaccbccaab	0
1	265	ccaaabaaacaaabbbccabbcbbbaaabbbccabbccca	ccaaabbcccacccbcccaaaccbbbaacbbabbbcccba	ccbbbabbbcbbbaacaaabaacbbbcccbbaaacccaab	cbabbcccaaabaaacabbcbbbaaacaaabaaaccbaac	aacbbbcccacccbcccaabccaaacbabbcacccbcaab	0
1	265	ccaaabaaacaaabbbccabbcbbbaaabbbccabbccca	ccaaabbcccacccbcccaaaccbbbaacbbabbbcccba	ccbbbabbbcbbbaacaaabaacbbbcccbbaaacccaab	cbabbcccaaabaaacabbcbbbaaacaaabaaaccbaac	aacbbbcccacccbcccaabccaaacbabbcacccbcaba	0
1	265	ccaaabaaacaaabbbccabbcbbbaaabbbccabbccca	ccaaabbcccacccbcccaaaccbbbaacbbabbbcccba	ccbbbabbbcbbbaacaaabaacbbbcccbbaaacccaab	cbabbcccaaabaaacabbcbbbaaacaaabaaaccbaac	aacbbbcccacccbcccaabccaaacbabbccaaabcccb	0
1	265	ccaaabaaacaaabbbccabbcbbbaaabbbccabbccca	ccaaabbcccacccbcccaaaccbbbaacbbabbbcccba	ccbbbabbbcbbbaacaaabaacbbbcccbbaaacccaab	cbabbcccaaabaaacabbcbbbaaacaaabaaaccbaac	aacbbbcccacccbcccaabccaaacbabbccaabacccb	0
1	265	ccaaabaaacaaabbbccabbcbbbaaabbbccabbccca	ccaaabbcccacccbcccaaaccbbbaacbbabbbcccba	ccbbbabbbcbbbaacaaabaacbbbcccbbaaacccaab	cbabbcccaaabaaacabbcbbbaaacaaabaaaccbaac	aacbbbcccacccbcccaabccaaacbabbccaabcaccb	0
1	265	ccaaabaaacaaabbbccabbcbbbaaabbbccabbccca	ccaaabbcccacccbcccaaaccbbbaacbbabbbcccba	ccbbbabbbcbbbaacaaabaacbbbcccbbaaacccaab	cbabbcccaaabaaacabbcbbbaaacaaabaaaccbaac	aacbbbcccacccbcccaabccaaacbabbccabaacccb	0
1	265	ccaaabaaacaaabbbccabbcbbbaaabbbccabbccca	ccaaabbcccacccbcccaaaccbbbaacbbabbbcccba	ccbbbabbbcbbbaacaaabaacbbbcccbbaaacccaab	cbabbcccaaabaaacabbcbbbaaacaaabaaaccbaac	aacbbbcccacccbcccaabccaaacbabbccabcccaab	0
1	265	ccaaabaaacaaabbbccabbcbbbaaabbbccabbccca	ccaaabbcccacccbcccaaaccbbbaacbbabbbcccba	ccbbbabbbcbbbaacaaabaacbbbcccbbaaacccaab	cbabbcccaaabaaacabbcbbbaaacaaabaaaccbaac	aacbbbcccacccbcccaabccaaacbabbccacbaaccb	0
1	265	ccaaabaaacaaabbbccabbcbbbaaabbbccabbccca	ccaaabbcccacccbcccaaaccbbbaacbbabbbcccba	ccbbbabbbcbbbaacaaabaacbbbcccbbaaacccaab	cbabbcccaaabaaacabbcbbbaaacaaabaaaccbaac	aacbbbcccacccbcccaabccaaacbabbccacbccaab	0
1	265	ccaaabaaacaaabbbccabbcbbbaaabbbccabbccca	ccaaabbcccacccbcccaaaccbbbaacbbabbbcccba	ccbbbabbbcbbbaacaaabaacbbbcccbbaaacccaab	cbabbcccaaabaaacabbcbbbaaacaaabaaaccbaac	aacbbbcccacccbcccaabccaaacbabbccaccbcaab	0
1	265	ccaaabaaacaaabbbccabbcbbbaaabbbccabbccca	ccaaabbcccacccbcccaaaccbbbaacbbabbbcccba	ccbbbabbbcbbbaacaaabaacbbbcccbbaaacccaab	cbabbcccaaabaaacabbcbbbaaacaaabaaaccbaac	aacbbbcccacccbcccaabccaaacbabbccaccbcaba	0
1	265	ccaaabaaacaaabbbccabbcbbbaaabbbccabbccca	ccaaabbcccacccbcccaaaccbbbaacbbabbbcccba	ccbbbabbbcbbbaacaaabaacbbbcccbbaaacccaab	cbabbcccaaabaaacabbcbbbaaacaaabaaaccbaac	aacbbbcccacccbcccaabccaaacbabbcccabaaccb	0
1	265	ccaaabaaacaaabbbccabbcbbbaaabbbccabbccca	ccaaabbcccacccbcccaaaccbbbaacbbabbbcccba	ccbbbabbbcbbbaacaaabaacbbbcccbbaaacccaab	cbabbcccaaabaaacabbcbbbaaacaaabaaaccbaac	aacbbbcccacccbcccaabccaaacbabbcccabccaab	0
1	265	ccaaabaaacaaabbbccabbcbbbaaabbbccabbccca	ccaaabbcccacccbcccaaaccbbbaacbbabbbcccba	ccbbbabbbcbbbaacaaabaacbbbcccbbaaacccaab	cbabbcccaaabaaacabbcbbbaaacaaabaaaccbaac	aacbbbcccacccbcccaabccaaacbabbcccacbcaab	0
1	265	ccaaabaaacaaabbbccabbcbbbaaabbbccabbccca	ccaaabbcccacccbcccaaaccbbbaacbbabbbcccba	ccbbbabbbcbbbaacaaabaacbbbcccbbaaacccaab	cbabbcccaaabaaacabbcbbbaaacaaabaaaccbaac	aacbbbcccacccbcccaabccaaacbabbcccbaaaccb	0
1	265	ccaaabaaacaaabbbccabbcbbbaaabbbccabbccca	ccaaabbcccacccbcccaaaccbbbaacbbabbbcccba	ccbbbabbbcbbbaacaaabaacbbbcccbbaaacccaab	cbabbcccaaabaaacabbcbbbaaacaaabaaaccbaac	aacbbbcccacccbcccaabccaaacbbabcaccbccaab	0
1	265	ccaaabaaacaaabbbccabbcbbbaaabbbccabbccca	ccaaabbcccacccbcccaaaccbbbaacbbabbbcccba	ccbbbabbbcbbbaacaaabaacbbbcccbbaaacccaab	cbabbcccaaabaaacabbcbbbaaacaaabaaaccbaac	aacbbbcccacccbcccaabccaaacbbabcacccbbaca	0
1	265	ccaaabaaacaaabbbccabbcbbbaaabbbccabbccca	ccaaabbcccacccbcccaaaccbbbaacbbabbbcccba	ccbbbabbbcbbbaacaaabaacbbbcccbbaaacccaab	cbabbcccaaabaaacabbcbbbaaacaaabaaaccbaac	aacbbbcccacccbcccaabccaaacbbabcacccbcaab	0
1	265	ccaaabaaacaaabbbccabbcbbbaaabbbccabbccca	ccaaabbcccacccbcccaaaccbbbaacbbabbbcccba	ccbbbabbbcbbbaacaaabaacbbbcccbbaaacccaab	cbabbcccaaabaaacabbcbbbaaacaaabaaaccbaac	aacbbbcccacccbcccaabccaaacbbabcacccbcaba	0
1	265	ccaaabaaacaaabbbccabbcbbbaaabbbccabbccca	ccaaabbcccacccbcccaaaccbbbaacbbabbbcccba	ccbbbabbbcbbbaacaaabaacbbbcccbbaaacccaab	cbabbcccaaabaaacabbcbbbaaacaaabaaaccbaac	aacbbbcccacccbcccaabccaaacccaabbbacccbba	0
1	265	ccaaabaaacaaabbbccabbcbbbaaabbbccabbccca	ccaaabbcccacccbcccaaaccbbbaacbbabbbcccba	ccbbbabbbcbbbaacaaabaacbbbcccbbaaacccaab	cbabbcccaaabaaacabbcbbbaaacaaabaaaccbaac	aacbbbcccacccbcccaabccaaacccaabbbcaccbba	0
1	265	ccaaabaaacaaabbbccabbcbbbaaabbbccabbccca	ccaaabbcccacccbcccaaaccbbbaacbbabbbcccba	ccbbbabbbcbbbaacaaabaacbbbcccbbaaacccaab	cbabbcccaaabaaacabbcbbbaaacaaabaaaccbaac	aacbbbcccacccbcccaabccaaacccaabbbccacbba	0
1	265	ccaaabaaacaaabbbccabbcbbbaaabbbccabbccca	ccaaabbcccacccbcccaaaccbbbaacbbabbbcccba	ccbbbabbbcbbbaacaaabaacbbbcccbbaaacccaab	cbabbcccaaabaaacabbcbbbaaacaaabaaaccbaac	aacbbbcccacccbcccaabccaaacccaabbcbaccbba	0
1	265	ccaaabaaacaaabbbccabbcbbbaaabbbccabbccca	ccaaabbcccacccbcccaaaccbbbaacbbabbbcccba	ccbbbabbbcbbbaacaaabaacbbbcccbbaaacccaab	cbabbcccaaabaaacabbcbbbaaacaaabaaaccbaac	aacbbbcccacccbcccaabccaaacccbbaaccbabbca	0
1	265	ccaaabaaacaaabbbccabbcbbbaaabbbccabbccca	ccaaabbcccacccbcccaaaccbbbaacbbabbbcccba	ccbbbabbbcbbbaacaaabaacbbbcccbbaaacccaab	cbabbcccaaabaaacabbcbbbaaacaaabaaaccbaac	aacbbbcccacccbcccaabccaaacccbbabccaabbca	0
1	538	ccaaabaaacaaabbbccabbcbbbaaabbbccabbccca	ccaaabbcccacccbcccaaaccbbbaacbbabbbcccba	ccbbbabbbcbbbaaacaaabacbbbcccbbaaacccaab	cbabbcccaaabaaacabbcbbbaaacaaabaaaccbaac	aacbbbcccacccbcccaabccaaabbcabcccaaaccbb	0
1	538	ccaaabaaacaaabbbccabbcbbbaaabbbccabbccca	ccaaabbcccacccbcccaaaccbbbaacbbabbbcccba	ccbbbabbbcbbbaaacaaabacbbbcccbbaaacccaab	cbabbcccaaabaaacabbcbbbaaacaaabaaaccbaac	aacbbbcccacccbcccaabccaaabbcacbcccaaabcb	0
1	538	ccaaabaaacaaabbbccabbcbbbaaabbbccabbccca	ccaaabbcccacccbcccaaaccbbbaacbbabbbcccba	ccbbbabbbcbbbaaacaaabacbbbcccbbaaacccaab	cbabbcccaaabaaacabbcbbbaaacaaabaaaccbaac	aacbbbcccacccbcccaabccaaabbcacbcccaaacbb	0
1	538	ccaaabaaacaaabbbccabbcbbbaaabbbccabbccca	ccaaabbcccacccbcccaaaccbbbaacbbabbbcccba	ccbbbabbbcbbbaaacaaabacbbbcccbbaaacccaab	cbabbcccaaabaaacabbcbbbaaacaaabaaaccbaac	aacbbbcccacccbcccaabccaaabbcacbcccaabacb	0
1	538	ccaaabaaacaaabbbccabbcbbbaaabbbccabbccca	ccaaabbcccacccbcccaaaccbbbaacbbabbbcccba	ccbbbabbbcbbbaaacaaabacbbbcccbbaaacccaab	cbabbcccaaabaaacabbcbbbaaacaaabaaaccbaac	aacbbbcccacccbcccaabccaaabbcacbcccaabbca	0
1	538	ccaaabaaacaaabbbccabbcbbbaaabbbccabbccca	ccaaabbcccacccbcccaaaccbbbaacbbabbbcccba	ccbbbabbbcbbbaaacaaabacbbbcccbbaaacccaab	cbabbcccaaabaaacabbcbbbaaacaaabaaaccbaac	aacbbbcccacccbcccaabccaaabbcacbcccaabcab	0
1	538	ccaaabaaacaaabbbccabbcbbbaaabbbccabbccca	ccaaabbcccacccbcccaaaccbbbaacbbabbbcccba	ccbbbabbbcbbbaaacaaabacbbbcccbbaaacccaab	cbabbcccaaabaaacabbcbbbaaacaaabaaaccbaac	aacbbbcccacccbcccaabccaaabbcacbcccaabcba	0
1	538	ccaaabaaacaaabbbccabbcbbbaaabbbccabbccca	ccaaabbcccacccbcccaaaccbbbaacbbabbbcccba	ccbbbabbbcbbbaaacaaabacbbbcccbbaaacccaab	cbabbcccaaabaaacabbcbbbaaacaaabaaaccbaac	aacbbbcccacccbcccaabccaaabbcaccbccaabbca	0
1	538	ccaaabaaacaaabbbccabbcbbbaaabbbccabbccca	ccaaabbcccacccbcccaaaccbbbaacbbabbbcccba	ccbbbabbbcbbbaaacaaabacbbbcccbbaaacccaab	cbabbcccaaabaaacabbcbbbaaacaaabaaaccbaac	aacbbbcccacccbcccaabccaaabbcacccbcaabbca	0
1	538	ccaaabaaacaaabbbccabbcbbbaaabbbccabbccca	ccaaabbcccacccbcccaaaccbbbaacbbabbbcccba	ccbbbabbbcbbbaaacaaabacbbbcccbbaaacccaab	cbabbcccaaabaaacabbcbbbaaacaaabaaaccbaac	aacbbbcccacccbcccaabccaaabcaabbbccaccbca	0
1	538	ccaaabaaacaaabbbccabbcbbbaaabbbccabbccca	ccaaabbcccacccbcccaaaccbbbaacbbabbbcccba	ccbbbabbbcbbbaaacaaabacbbbcccbbaaacccaab	cbabbcccaaabaaacabbcbbbaaacaaabaaaccbaac	aacbbbcccacccbcccaabccaaabcaabbbccacccba	0
1	538	ccaaabaaacaaabbbccabbcbbbaaabbbccabbccca	ccaaabbcccacccbcccaaaccbbbaacbbabbbcccba	ccbbbabbbcbbbaaacaaabacbbbcccbbaaacccaab	cbabbcccaaabaaacabbcbbbaaacaaabaaaccbaac	aacbbbcccacccbcccaabccaaabcaabbbcccacbca	0
1	538	ccaaabaaacaaabbbccabbcbbbaaabbbccabbccca	ccaaabbcccacccbcccaaaccbbbaacbbabbbcccba	ccbbbabbbcbbbaaacaaabacbbbcccbbaaacccaab	cbabbcccaaabaaacabbcbbbaaacaaabaaaccbaac	aacbbbcccacccbcccaabccaaabcaabbbcccaccba	0
1	538	ccaaabaaacaaabbbccabbcbbbaaabbbccabbccca	ccaaabbcccacccbcccaaaccbbbaacbbabbbcccba	ccbbbabbbcbbbaaacaaabacbbbcccbbaaacccaab	cbabbcccaaabaaacabbcbbbaaacaaabaaaccbaac	aacbbbcccacccbcccaabccaaabcabbbccaaacccb	0
1	538	ccaaabaaacaaabbbccabbcbbbaaabbbccabbccca	ccaaabbcccacccbcccaaaccbbbaacbbabbbcccba	ccbbbabbbcbbbaaacaaabacbbbcccbbaaacccaab	cbabbcccaaabaaacabbcbbbaaacaaabaaaccbaac	aacbbbcccacccbcccaabccaaabcabbbcccaaaccb	0
1	538	ccaaabaaacaaabbbccabbcbbbaaabbbccabbccca	ccaaabbcccacccbcccaaaccbbbaacbbabbbcccba	ccbbbabbbcbbbaaacaaabacbbbcccbbaaacccaab	cbabbcccaaabaaacabbcbbbaaacaaabaaaccbaac	aacbbbcccacccbcccaabccaaabcabbbcccacbaca	0
1	538	ccaaabaaacaaabbbccabbcbbbaaabbbccabbccca	ccaaabbcccacccbcccaaaccbbbaacbbabbbcccba	ccbbbabbbcbbbaaacaaabacbbbcccbbaaacccaab	cbabbcccaaabaaacabbcbbbaaacaaabaaaccbaac	aacbbbcccacccbcccaabccaaabcabbcccabaaccb	0
1	538	ccaaabaaacaaabbbccabbcbbbaaabbbccabbccca	ccaaabbcccacccbcccaaaccbbbaacbbabbbcccba	ccbbbabbbcbbbaaacaaabacbbbcccbbaaacccaab	cbabbcccaaabaaacabbcbbbaaacaaabaaaccbaac	aacbbbcccacccbcccaabccaaabcabbcccabccaab	0
1	538	ccaaabaaacaaabbbccabbcbbbaaabbbccabbccca	ccaaabbcccacccbcccaaaccbbbaacbbabbbcccba	ccbbbabbbcbbbaaacaaabacbbbcccbbaaacccaab	cbabbcccaaabaaacabbcbbbaaacaaabaaaccbaac	aacbbbcccacccbcccaabccaaabcabbcccacbcaab	0
1	538	ccaaabaaacaaabbbccabbcbbbaaabbbccabbccca	ccaaabbcccacccbcccaaaccbbbaacbbabbbcccba	ccbbbabbbcbbbaaacaaabacbbbcccbbaaacccaab	cbabbcccaaabaaacabbcbbbaaacaaabaaaccbaac	aacbbbcccacccbcccaabccaaabcabbcccbaaaccb	0
1	538	ccaaabaaacaaabbbccabbcbbbaaabbbccabbccca	ccaaabbcccacccbcccaaaccbbbaacbbabbbcccba	ccbbbabbbcbbbaaacaaabacbbbcccbbaaacccaab	cbabbcccaaabaaacabbcbbbaaacaaabaaaccbaac	aacbbbcccacccbcccaabccaaacbabbbccaaacccb	0
1	538	ccaaabaaacaaabbbccabbcbbbaaabbbccabbccca	ccaaabbcccacccbcccaaaccbbbaacbbabbbcccba	ccbbbabbbcbbbaaacaaabacbbbcccbbaaacccaab	cbabbcccaaabaaacabbcbbbaaacaaabaaaccbaac	aacbbbcccacccbcccaabccaaacbabbbcccaaaccb	0
1	538	ccaaabaaacaaabbbccabbcbbbaaabbbccabbccca	ccaaabbcccacccbcccaaaccbbbaacbbabbbcccba	ccbbbabbbcbbbaaacaaabacbbbcccbbaaacccaab	cbabbcccaaabaaacabbcbbbaaacaaabaaaccbaac	aacbbbcccacccbcccaabccaaacbabbbcccacbaca	0
1	538	ccaaabaaacaaabbbccabbcbbbaaabbbccabbccca	ccaaabbcccacccbcccaaaccbbbaacbbabbbcccba	ccbbbabbbcbbbaaacaaabacbbbcccbbaaacccaab	cbabbcccaaabaaacabbcbbbaaacaaabaaaccbaac	aacbbbcccacccbcccaabccaaacbabbcacbcccaab	0
1	538	ccaaabaaacaaabbbccabbcbbbaaabbbccabbccca	ccaaabbcccacccbcccaaaccbbbaacbbabbbcccba	ccbbbabbbcbbbaaacaaabacbbbcccbbaaacccaab	cbabbcccaaabaaacabbcbbbaaacaaabaaaccbaac	aacbbbcccacccbcccaabccaaacbabbcaccbccaab	0
1	538	ccaaabaaacaaabbbccabbcbbbaaabbbccabbccca	ccaaabbcccacccbcccaaaccbbbaacbbabbbcccba	ccbbbabbbcbbbaaacaaabacbbbcccbbaaacccaab	cbabbcccaaabaaacabbcbbbaaacaaabaaaccbaac	aacbbbcccacccbcccaabccaaacbabbcacccbcaab	0
1	538	ccaaabaaacaaabbbccabbcbbbaaabbbccabbccca	ccaaabbcccacccbcccaaaccbbbaacbbabbbcccba	ccbbbabbbcbbbaaacaaabacbbbcccbbaaacccaab	cbabbcccaaabaaacabbcbbbaaacaaabaaaccbaac	aacbbbcccacccbcccaabccaaacbabbcacccbcaba	0
1	538	ccaaabaaacaaabbbccabbcbbbaaabbbccabbccca	ccaaabbcccacccbcccaaaccbbbaacbbabbbcccba	ccbbbabbbcbbbaaacaaabacbbbcccbbaaacccaab	cbabbcccaaabaaacabbcbbbaaacaaabaaaccbaac	aacbbbcccacccbcccaabccaaacbabbccaaabcccb	0
1	538	ccaaabaaacaaabbbccabbcbbbaaabbbccabbccca	ccaaabbcccacccbcccaaaccbbbaacbbabbbcccba	ccbbbabbbcbbbaaacaaabacbbbcccbbaaacccaab	cbabbcccaaabaaacabbcbbbaaacaaabaaaccbaac	aacbbbcccacccbcccaabccaaacbabbccaabacccb	0
1	538	ccaaabaaacaaabbbccabbcbbbaaabbbccabbccca	ccaaabbcccacccbcccaaaccbbbaacbbabbbcccba	ccbbbabbbcbbbaaacaaabacbbbcccbbaaacccaab	cbabbcccaaabaaacabbcbbbaaacaaabaaaccbaac	aacbbbcccacccbcccaabccaaacbabbccaabcaccb	0
1	538	ccaaabaaacaaabbbccabbcbbbaaabbbccabbccca	ccaaabbcccacccbcccaaaccbbbaacbbabbbcccba	ccbbbabbbcbbbaaacaaabacbbbcccbbaaacccaab	cbabbcccaaabaaacabbcbbbaaacaaabaaaccbaac	aacbbbcccacccbcccaabccaaacbabbccabaacccb	0
1	538	ccaaabaaacaaabbbccabbcbbbaaabbbccabbccca	ccaaabbcccacccbcccaaaccbbbaacbbabbbcccba	ccbbbabbbcbbbaaacaaabacbbbcccbbaaacccaab	cbabbcccaaabaaacabbcbbbaaacaaabaaaccbaac	aacbbbcccacccbcccaabccaaacbabbccabcccaab	0
1	538	ccaaabaaacaaabbbccabbcbbbaaabbbccabbccca	ccaaabbcccacccbcccaaaccbbbaacbbabbbcccba	ccbbbabbbcbbbaaacaaabacbbbcccbbaaacccaab	cbabbcccaaabaaacabbcbbbaaacaaabaaaccbaac	aacbbbcccacccbcccaabccaaacbabbccacbaaccb	0
1	538	ccaaabaaacaaabbbccabbcbbbaaabbbccabbccca	ccaaabbcccacccbcccaaaccbbbaacbbabbbcccba	ccbbbabbbcbbbaaacaaabacbbbcccbbaaacccaab	cbabbcccaaabaaacabbcbbbaaacaaabaaaccbaac	aacbbbcccacccbcccaabccaaacbabbccacbccaab	0
1	538	ccaaabaaacaaabbbccabbcbbbaaabbbccabbccca	ccaaabbcccacccbcccaaaccbbbaacbbabbbcccba	ccbbbabbbcbbbaaacaaabacbbbcccbbaaacccaab	cbabbcccaaabaaacabbcbbbaaacaaabaaaccbaac	aacbbbcccacccbcccaabccaaacbabbccaccbcaab	0
1	538	ccaaabaaacaaabbbccabbcbbbaaabbbccabbccca	ccaaabbcccacccbcccaaaccbbbaacbbabbbcccba	ccbbbabbbcbbbaaacaaabacbbbcccbbaaacccaab	cbabbcccaaabaaacabbcbbbaaacaaabaaaccbaac	aacbbbcccacccbcccaabccaaacbabbccaccbcaba	0
1	538	ccaaabaaacaaabbbccabbcbbbaaabbbccabbccca	ccaaabbcccacccbcccaaaccbbbaacbbabbbcccba	ccbbbabbbcbbbaaacaaabacbbbcccbbaaacccaab	cbabbcccaaabaaacabbcbbbaaacaaabaaaccbaac	aacbbbcccacccbcccaabccaaacbabbcccabaaccb	0
1	538	ccaaabaaacaaabbbccabbcbbbaaabbbccabbccca	ccaaabbcccacccbcccaaaccbbbaacbbabbbcccba	ccbbbabbbcbbbaaacaaabacbbbcccbbaaacccaab	cbabbcccaaabaaacabbcbbbaaacaaabaaaccbaac	aacbbbcccacccbcccaabccaaacbabbcccabccaab	0
1	538	ccaaabaaacaaabbbccabbcbbbaaabbbccabbccca	ccaaabbcccacccbcccaaaccbbbaacbbabbbcccba	ccbbbabbbcbbbaaacaaabacbbbcccbbaaacccaab	cbabbcccaaabaaacabbcbbbaaacaaabaaaccbaac	aacbbbcccacccbcccaabccaaacbabbcccacbcaab	0
1	538	ccaaabaaacaaabbbccabbcbbbaaabbbccabbccca	ccaaabbcccacccbcccaaaccbbbaacbbabbbcccba	ccbbbabbbcbbbaaacaaabacbbbcccbbaaacccaab	cbabbcccaaabaaacabbcbbbaaacaaabaaaccbaac	aacbbbcccacccbcccaabccaaacbabbcccbaaaccb	0
1	538	ccaaabaaacaaabbbccabbcbbbaaabbbccabbccca	ccaaabbcccacccbcccaaaccbbbaacbbabbbcccba	ccbbbabbbcbbbaaacaaabacbbbcccbbaaacccaab	cbabbcccaaabaaacabbcbbbaaacaaabaaaccbaac	aacbbbcccacccbcccaabccaaacbbabcaccbccaab	0
1	538	ccaaabaaacaaabbbccabbcbbbaaabbbccabbccca	ccaaabbcccacccbcccaaaccbbbaacbbabbbcccba	ccbbbabbbcbbbaaacaaabacbbbcccbbaaacccaab	cbabbcccaaabaaacabbcbbbaaacaaabaaaccbaac	aacbbbcccacccbcccaabccaaacbbabcacccbbaca	0
1	538	ccaaabaaacaaabbbccabbcbbbaaabbbccabbccca	ccaaabbcccacccbcccaaaccbbbaacbbabbbcccba	ccbbbabbbcbbbaaacaaabacbbbcccbbaaacccaab	cbabbcccaaabaaacabbcbbbaaacaaabaaaccbaac	aacbbbcccacccbcccaabccaaacbbabcacccbcaab	0
1	538	ccaaabaaacaaabbbccabbcbbbaaabbbccabbccca	ccaaabbcccacccbcccaaaccbbbaacbbabbbcccba	ccbbbabbbcbbbaaacaaabacbbbcccbbaaacccaab	cbabbcccaaabaaacabbcbbbaaacaaabaaaccbaac	aacbbbcccacccbcccaabccaaacbbabcacccbcaba	0
1	538	ccaaabaaacaaabbbccabbcbbbaaabbbccabbccca	ccaaabbcccacccbcccaaaccbbbaacbbabbbcccba	ccbbbabbbcbbbaaacaaabacbbbcccbbaaacccaab	cbabbcccaaabaaacabbcbbbaaacaaabaaaccbaac	aacbbbcccacccbcccaabccaaacccaabbbacccbba	0
1	538	ccaaabaaacaaabbbccabbcbbbaaabbbccabbccca	ccaaabbcccacccbcccaaaccbbbaacbbabbbcccba	ccbbbabbbcbbbaaacaaabacbbbcccbbaaacccaab	cbabbcccaaabaaacabbcbbbaaacaaabaaaccbaac	aacbbbcccacccbcccaabccaaacccaabbbcaccbba	0
1	538	ccaaabaaacaaabbbccabbcbbbaaabbbccabbccca	ccaaabbcccacccbcccaaaccbbbaacbbabbbcccba	ccbbbabbbcbbbaaacaaabacbbbcccbbaaacccaab	cbabbcccaaabaaacabbcbbbaaacaaabaaaccbaac	aacbbbcccacccbcccaabccaaacccaabbbccacbba	0
1	538	ccaaabaaacaaabbbccabbcbbbaaabbbccabbccca	ccaaabbcccacccbcccaaaccbbbaacbbabbbcccba	ccbbbabbbcbbbaaacaaabacbbbcccbbaaacccaab	cbabbcccaaabaaacabbcbbbaaacaaabaaaccbaac	aacbbbcccacccbcccaabccaaacccaabbcbaccbba	0
1	538	ccaaabaaacaaabbbccabbcbbbaaabbbccabbccca	ccaaabbcccacccbcccaaaccbbbaacbbabbbcccba	ccbbbabbbcbbbaaacaaabacbbbcccbbaaacccaab	cbabbcccaaabaaacabbcbbbaaacaaabaaaccbaac	aacbbbcccacccbcccaabccaaacccbbaaccbabbca	0
1	538	ccaaabaaacaaabbbccabbcbbbaaabbbccabbccca	ccaaabbcccacccbcccaaaccbbbaacbbabbbcccba	ccbbbabbbcbbbaaacaaabacbbbcccbbaaacccaab	cbabbcccaaabaaacabbcbbbaaacaaabaaaccbaac	aacbbbcccacccbcccaabccaaacccbbabccaabbca	0
2	1087	ccaaabaaacaaabbbccabbcbbbaaabbbccabbccca	ccaaabbcccacccbcccaaaccbbbaacbbabbbcccba	ccbbbabbbcbbbaacaaabaacbbbcccbbaaacccaab	cbabbcccaaabaacaabbcbbbaaacaaabaaaccbaac	aacbbbcccacccbcccaabccaaabbcabcccaaaccbb	0
2	1087	ccaaabaaacaaabbbccabbcbbbaaabbbccabbccca	ccaaabbcccacccbcccaaaccbbbaacbbabbbcccba	ccbbbabbbcbbbaacaaabaacbbbcccbbaaacccaab	cbabbcccaaabaacaabbcbbbaaacaaabaaaccbaac	aacbbbcccacccbcccaabccaaabbcacbcccaaabcb	0
2	1087	ccaaabaaacaaabbbccabbcbbbaaabbbccabbccca	ccaaabbcccacccbcccaaaccbbbaacbbabbbcccba	ccbbbabbbcbbbaacaaabaacbbbcccbbaaacccaab	cbabbcccaaabaacaabbcbbbaaacaaabaaaccbaac	aacbbbcccacccbcccaabccaaabbcacbcccaaacbb	0
2	1087	ccaaabaaacaaabbbccabbcbbbaaabbbccabbccca	ccaaabbcccacccbcccaaaccbbbaacbbabbbcccba	ccbbbabbbcbbbaacaaabaacbbbcccbbaaacccaab	cbabbcccaaabaacaabbcbbbaaacaaabaaaccbaac	aacbbbcccacccbcccaabccaaabbcacbcccaabacb	0
2	1087	ccaaabaaacaaabbbccabbcbbbaaabbbccabbccca	ccaaabbcccacccbcccaaaccbbbaacbbabbbcccba	ccbbbabbbcbbbaacaaabaacbbbcccbbaaacccaab	cbabbcccaaabaacaabbcbbbaaacaaabaaaccbaac	aacbbbcccacccbcccaabccaaabbcacbcccaabbca	0
2	1087	ccaaabaaacaaabbbccabbcbbbaaabbbccabbccca	ccaaabbcccacccbcccaaaccbbbaacbbabbbcccba	ccbbbabbbcbbbaacaaabaacbbbcccbbaaacccaab	cbabbcccaaabaacaabbcbbbaaacaaabaaaccbaac	aacbbbcccacccbcccaabccaaabbcacbcccaabcab	0
2	1087	ccaaabaaacaaabbbccabbcbbbaaabbbccabbccca	ccaaabbcccacccbcccaaaccbbbaacbbabbbcccba	ccbbbabbbcbbbaacaaabaacbbbcccbbaaacccaab	cbabbcccaaabaacaabbcbbbaaacaaabaaaccbaac	aacbbbcccacccbcccaabccaaabbcacbcccaabcba	0
2	1087	ccaaabaaacaaabbbccabbcbbbaaabbbccabbccca	ccaaabbcccacccbcccaaaccbbbaacbbabbbcccba	ccbbbabbbcbbbaacaaabaacbbbcccbbaaacccaab	cbabbcccaaabaacaabbcbbbaaacaaabaaaccbaac	aacbbbcccacccbcccaabccaaabbcaccbccaabbca	0
2	1087	ccaaabaaacaaabbbccabbcbbbaaabbbccabbccca	ccaaabbcccacccbcccaaaccbbbaacbbabbbcccba	ccbbbabbbcbbbaacaaabaacbbbcccbbaaacccaab	cbabbcccaaabaacaabbcbbbaaacaaabaaaccbaac	aacbbbcccacccbcccaabccaaabbcacccbcaabbca	0
2	1087	ccaaabaaacaaabbbccabbcbbbaaabbbccabbccca	ccaaabbcccacccbcccaaaccbbbaacbbabbbcccba	ccbbbabbbcbbbaacaaabaacbbbcccbbaaacccaab	cbabbcccaaabaacaabbcbbbaaacaaabaaaccbaac	aacbbbcccacccbcccaabccaaabcaabbbccaccbca	0
2	1087	ccaaabaaacaaabbbccabbcbbbaaabbbccabbccca	ccaaabbcccacccbcccaaaccbbbaacbbabbbcccba	ccbbbabbbcbbbaacaaabaacbbbcccbbaaacccaab	cbabbcccaaabaacaabbcbbbaaacaaabaaaccbaac	aacbbbcccacccbcccaabccaaabcaabbbccacccba	0
2	1087	ccaaabaaacaaabbbccabbcbbbaaabbbccabbccca	ccaaabbcccacccbcccaaaccbbbaacbbabbbcccba	ccbbbabbbcbbbaacaaabaacbbbcccbbaaacccaab	cbabbcccaaabaacaabbcbbbaaacaaabaaaccbaac	aacbbbcccacccbcccaabccaaabcaabbbcccacbca	0
2	1087	ccaaabaaacaaabbbccabbcbbbaaabbbccabbccca	ccaaabbcccacccbcccaaaccbbbaacbbabbbcccba	ccbbbabbbcbbbaacaaabaacbbbcccbbaaacccaab	cbabbcccaaabaacaabbcbbbaaacaaabaaaccbaac	aacbbbcccacccbcccaabccaaabcaabbbcccaccba	0
2	1087	ccaaabaaacaaabbbccabbcbbbaaabbbccabbccca	ccaaabbcccacccbcccaaaccbbbaacbbabbbcccba	ccbbbabbbcbbbaacaaabaacbbbcccbbaaacccaab	cbabbcccaaabaacaabbcbbbaaacaaabaaaccbaac	aacbbbcccacccbcccaabccaaabcabbbccaaacccb	0
2	1087	ccaaabaaacaaabbbccabbcbbbaaabbbccabbccca	ccaaabbcccacccbcccaaaccbbbaacbbabbbcccba	ccbbbabbbcbbbaacaaabaacbbbcccbbaaacccaab	cbabbcccaaabaacaabbcbbbaaacaaabaaaccbaac	aacbbbcccacccbcccaabccaaabcabbbcccaaaccb	0
2	1087	ccaaabaaacaaabbbccabbcbbbaaabbbccabbccca	ccaaabbcccacccbcccaaaccbbbaacbbabbbcccba	ccbbbabbbcbbbaacaaabaacbbbcccbbaaacccaab	cbabbcccaaabaacaabbcbbbaaacaaabaaaccbaac	aacbbbcccacccbcccaabccaaabcabbbcccacbaca	0
2	1087	ccaaabaaacaaabbbccabbcbbbaaabbbccabbccca	ccaaabbcccacccbcccaaaccbbbaacbbabbbcccba	ccbbbabbbcbbbaacaaabaacbbbcccbbaaacccaab	cbabbcccaaabaacaabbcbbbaaacaaabaaaccbaac	aacbbbcccacccbcccaabccaaabcabbcccabaaccb	0
2	1087	ccaaabaaacaaabbbccabbcbbbaaabbbccabbccca	ccaaabbcccacccbcccaaaccbbbaacbbabbbcccba	ccbbbabbbcbbbaacaaabaacbbbcccbbaaacccaab	cbabbcccaaabaacaabbcbbbaaacaaabaaaccbaac	aacbbbcccacccbcccaabccaaabcabbcccabccaab	0
2	1087	ccaaabaaacaaabbbccabbcbbbaaabbbccabbccca	ccaaabbcccacccbcccaaaccbbbaacbbabbbcccba	ccbbbabbbcbbbaacaaabaacbbbcccbbaaacccaab	cbabbcccaaabaacaabbcbbbaaacaaabaaaccbaac	aacbbbcccacccbcccaabccaaabcabbcccacbcaab	0
2	1087	ccaaabaaacaaabbbccabbcbbbaaabbbccabbccca	ccaaabbcccacccbcccaaaccbbbaacbbabbbcccba	ccbbbabbbcbbbaacaaabaacbbbcccbbaaacccaab	cbabbcccaaabaacaabbcbbbaaacaaabaaaccbaac	aacbbbcccacccbcccaabccaaabcabbcccbaaaccb	0
2	1087	ccaaabaaacaaabbbccabbcbbbaaabbbccabbccca	ccaaabbcccacccbcccaaaccbbbaacbbabbbcccba	ccbbbabbbcbbbaacaaabaacbbbcccbbaaacccaab	cbabbcccaaabaacaabbcbbbaaacaaabaaaccbaac	aacbbbcccacccbcccaabccaaacbabbbccaaacccb	0
2	1087	ccaaabaaacaaabbbccabbcbbbaaabbbccabbccca	ccaaabbcccacccbcccaaaccbbbaacbbabbbcccba	ccbbbabbbcbbbaacaaabaacbbbcccbbaaacccaab	cbabbcccaaabaacaabbcbbbaaacaaabaaaccbaac	aacbbbcccacccbcccaabccaaacbabbbcccaaaccb	0
2	1087	ccaaabaaacaaabbbccabbcbbbaaabbbccabbccca	ccaaabbcccacccbcccaaaccbbbaacbbabbbcccba	ccbbbabbbcbbbaacaaabaacbbbcccbbaaacccaab	cbabbcccaaabaacaabbcbbbaaacaaabaaaccbaac	aacbbbcccacccbcccaabccaaacbabbbcccacbaca	0
2	1087	ccaaabaaacaaabbbccabbcbbbaaabbbccabbccca	ccaaabbcccacccbcccaaaccbbbaacbbabbbcccba	ccbbbabbbcbbbaacaaabaacbbbcccbbaaacccaab	cbabbcccaaabaacaabbcbbbaaacaaabaaaccbaac	aacbbbcccacccbcccaabccaaacbabbcacbcccaab	0
2	1087	ccaaabaaacaaabbbccabbcbbbaaabbbccabbccca	ccaaabbcccacccbcccaaaccbbbaacbbabbbcccba	ccbbbabbbcbbbaacaaabaacbbbcccbbaaacccaab	cbabbcccaaabaacaabbcbbbaaacaaabaaaccbaac	aacbbbcccacccbcccaabccaaacbabbcaccbccaab	0
2	1087	ccaaabaaacaaabbbccabbcbbbaaabbbccabbccca	ccaaabbcccacccbcccaaaccbbbaacbbabbbcccba	ccbbbabbbcbbbaacaaabaacbbbcccbbaaacccaab	cbabbcccaaabaacaabbcbbbaaacaaabaaaccbaac	aacbbbcccacccbcccaabccaaacbabbcacccbcaab	0
2	1087	ccaaabaaacaaabbbccabbcbbbaaabbbccabbccca	ccaaabbcccacccbcccaaaccbbbaacbbabbbcccba	ccbbbabbbcbbbaacaaabaacbbbcccbbaaacccaab	cbabbcccaaabaacaabbcbbbaaacaaabaaaccbaac	aacbbbcccacccbcccaabccaaacbabbcacccbcaba	0
2	1087	ccaaabaaacaaabbbccabbcbbbaaabbbccabbccca	ccaaabbcccacccbcccaaaccbbbaacbbabbbcccba	ccbbbabbbcbbbaacaaabaacbbbcccbbaaacccaab	cbabbcccaaabaacaabbcbbbaaacaaabaaaccbaac	aacbbbcccacccbcccaabccaaacbabbccaaabcccb	0
2	1087	ccaaabaaacaaabbbccabbcbbbaaabbbccabbccca	ccaaabbcccacccbcccaaaccbbbaacbbabbbcccba	ccbbbabbbcbbbaacaaabaacbbbcccbbaaacccaab	cbabbcccaaabaacaabbcbbbaaacaaabaaaccbaac	aacbbbcccacccbcccaabccaaacbabbccaabacccb	0
2	1087	ccaaabaaacaaabbbccabbcbbbaaabbbccabbccca	ccaaabbcccacccbcccaaaccbbbaacbbabbbcccba	ccbbbabbbcbbbaacaaabaacbbbcccbbaaacccaab	cbabbcccaaabaacaabbcbbbaaacaaabaaaccbaac	aacbbbcccacccbcccaabccaaacbabbccaabcaccb	0
2	1087	ccaaabaaacaaabbbccabbcbbbaaabbbccabbccca	ccaaabbcccacccbcccaaaccbbbaacbbabbbcccba	ccbbbabbbcbbbaacaaabaacbbbcccbbaaacccaab	cbabbcccaaabaacaabbcbbbaaacaaabaaaccbaac	aacbbbcccacccbcccaabccaaacbabbccabaacccb	0
2	1087	ccaaabaaacaaabbbccabbcbbbaaabbbccabbccca	ccaaabbcccacccbcccaaaccbbbaacbbabbbcccba	ccbbbabbbcbbbaacaaabaacbbbcccbbaaacccaab	cbabbcccaaabaacaabbcbbbaaacaaabaaaccbaac	aacbbbcccacccbcccaabccaaacbabbccabcccaab	0
2	1087	ccaaabaaacaaabbbccabbcbbbaaabbbccabbccca	ccaaabbcccacccbcccaaaccbbbaacbbabbbcccba	ccbbbabbbcbbbaacaaabaacbbbcccbbaaacccaab	cbabbcccaaabaacaabbcbbbaaacaaabaaaccbaac	aacbbbcccacccbcccaabccaaacbabbccacbaaccb	0
2	1087	ccaaabaaacaaabbbccabbcbbbaaabbbccabbccca	ccaaabbcccacccbcccaaaccbbbaacbbabbbcccba	ccbbbabbbcbbbaacaaabaacbbbcccbbaaacccaab	cbabbcccaaabaacaabbcbbbaaacaaabaaaccbaac	aacbbbcccacccbcccaabccaaacbabbccacbccaab	0
2	1087	ccaaabaaacaaabbbccabbcbbbaaabbbccabbccca	ccaaabbcccacccbcccaaaccbbbaacbbabbbcccba	ccbbbabbbcbbbaacaaabaacbbbcccbbaaacccaab	cbabbcccaaabaacaabbcbbbaaacaaabaaaccbaac	aacbbbcccacccbcccaabccaaacbabbccaccbcaab	0
2	1087	ccaaabaaacaaabbbccabbcbbbaaabbbccabbccca	ccaaabbcccacccbcccaaaccbbbaacbbabbbcccba	ccbbbabbbcbbbaacaaabaacbbbcccbbaaacccaab	cbabbcccaaabaacaabbcbbbaaacaaabaaaccbaac	aacbbbcccacccbcccaabccaaacbabbccaccbcaba	0
2	1087	ccaaabaaacaaabbbccabbcbbbaaabbbccabbccca	ccaaabbcccacccbcccaaaccbbbaacbbabbbcccba	ccbbbabbbcbbbaacaaabaacbbbcccbbaaacccaab	cbabbcccaaabaacaabbcbbbaaacaaabaaaccbaac	aacbbbcccacccbcccaabccaaacbabbcccabaaccb	0
2	1087	ccaaabaaacaaabbbccabbcbbbaaabbbccabbccca	ccaaabbcccacccbcccaaaccbbbaacbbabbbcccba	ccbbbabbbcbbbaacaaabaacbbbcccbbaaacccaab	cbabbcccaaabaacaabbcbbbaaacaaabaaaccbaac	aacbbbcccacccbcccaabccaaacbabbcccabccaab	0
2	1087	ccaaabaaacaaabbbccabbcbbbaaabbbccabbccca	ccaaabbcccacccbcccaaaccbbbaacbbabbbcccba	ccbbbabbbcbbbaacaaabaacbbbcccbbaaacccaab	cbabbcccaaabaacaabbcbbbaaacaaabaaaccbaac	aacbbbcccacccbcccaabccaaacbabbcccacbcaab	0
2	1087	ccaaabaaacaaabbbccabbcbbbaaabbbccabbccca	ccaaabbcccacccbcccaaaccbbbaacbbabbbcccba	ccbbbabbbcbbbaacaaabaacbbbcccbbaaacccaab	cbabbcccaaabaacaabbcbbbaaacaaabaaaccbaac	aacbbbcccacccbcccaabccaaacbabbcccbaaaccb	0
2	1087	ccaaabaaacaaabbbccabbcbbbaaabbbccabbccca	ccaaabbcccacccbcccaaaccbbbaacbbabbbcccba	ccbbbabbbcbbbaacaaabaacbbbcccbbaaacccaab	cbabbcccaaabaacaabbcbbbaaacaaabaaaccbaac	aacbbbcccacccbcccaabccaaacbbabcaccbccaab	0
2	1087	ccaaabaaacaaabbbccabbcbbbaaabbbccabbccca	ccaaabbcccacccbcccaaaccbbbaacbbabbbcccba	ccbbbabbbcbbbaacaaabaacbbbcccbbaaacccaab	cbabbcccaaabaacaabbcbbbaaacaaabaaaccbaac	aacbbbcccacccbcccaabccaaacbbabcacccbbaca	0
2	1087	ccaaabaaacaaabbbccabbcbbbaaabbbccabbccca	ccaaabbcccacccbcccaaaccbbbaacbbabbbcccba	ccbbbabbbcbbbaacaaabaacbbbcccbbaaacccaab	cbabbcccaaabaacaabbcbbbaaacaaabaaaccbaac	aacbbbcccacccbcccaabccaaacbbabcacccbcaab	0
2	1087	ccaaabaaacaaabbbccabbcbbbaaabbbccabbccca	ccaaabbcccacccbcccaaaccbbbaacbbabbbcccba	ccbbbabbbcbbbaacaaabaacbbbcccbbaaacccaab	cbabbcccaaabaacaabbcbbbaaacaaabaaaccbaac	aacbbbcccacccbcccaabccaaacbbabcacccbcaba	0
2	1087	ccaaabaaacaaabbbccabbcbbbaaabbbccabbccca	ccaaabbcccacccbcccaaaccbbbaacbbabbbcccba	ccbbbabbbcbbbaacaaabaacbbbcccbbaaacccaab	cbabbcccaaabaacaabbcbbbaaacaaabaaaccbaac	aacbbbcccacccbcccaabccaaacccaabbbacccbba	0
2	1087	ccaaabaaacaaabbbccabbcbbbaaabbbccabbccca	ccaaabbcccacccbcccaaaccbbbaacbbabbbcccba	ccbbbabbbcbbbaacaaabaacbbbcccbbaaacccaab	cbabbcccaaabaacaabbcbbbaaacaaabaaaccbaac	aacbbbcccacccbcccaabccaaacccaabbbcaccbba	0
2	1087	ccaaabaaacaaabbbccabbcbbbaaabbbccabbccca	ccaaabbcccacccbcccaaaccbbbaacbbabbbcccba	ccbbbabbbcbbbaacaaabaacbbbcccbbaaacccaab	cbabbcccaaabaacaabbcbbbaaacaaabaaaccbaac	aacbbbcccacccbcccaabccaaacccaabbbccacbba	0
2	1087	ccaaabaaacaaabbbccabbcbbbaaabbbccabbccca	ccaaabbcccacccbcccaaaccbbbaacbbabbbcccba	ccbbbabbbcbbbaacaaabaacbbbcccbbaaacccaab	cbabbcccaaabaacaabbcbbbaaacaaabaaaccbaac	aacbbbcccacccbcccaabccaaacccaabbcbaccbba	0
2	1087	ccaaabaaacaaabbbccabbcbbbaaabbbccabbccca	ccaaabbcccacccbcccaaaccbbbaacbbabbbcccba	ccbbbabbbcbbbaacaaabaacbbbcccbbaaacccaab	cbabbcccaaabaacaabbcbbbaaacaaabaaaccbaac	aacbbbcccacccbcccaabccaaacccbbaaccbabbca	0
2	1087	ccaaabaaacaaabbbccabbcbbbaaabbbccabbccca	ccaaabbcccacccbcccaaaccbbbaacbbabbbcccba	ccbbbabbbcbbbaacaaabaacbbbcccbbaaacccaab	cbabbcccaaabaacaabbcbbbaaacaaabaaaccbaac	aacbbbcccacccbcccaabccaaacccbbabccaabbca	0
2	1360	ccaaabaaacaaabbbccabbcbbbaaabbbccabbccca	ccaaabbcccacccbcccaaaccbbbaacbbabbbcccba	ccbbbabbbcbbbaaacaaabacbbbcccbbaaacccaab	cbabbcccaaabaacaabbcbbbaaacaaabaaaccbaac	aacbbbcccacccbcccaabccaaabbcabcccaaaccbb	0
2	1360	ccaaabaaacaaabbbccabbcbbbaaabbbccabbccca	ccaaabbcccacccbcccaaaccbbbaacbbabbbcccba	ccbbbabbbcbbbaaacaaabacbbbcccbbaaacccaab	cbabbcccaaabaacaabbcbbbaaacaaabaaaccbaac	aacbbbcccacccbcccaabccaaabbcacbcccaaabcb	0
2	1360	ccaaabaaacaaabbbccabbcbbbaaabbbccabbccca	ccaaabbcccacccbcccaaaccbbbaacbbabbbcccba	ccbbbabbbcbbbaaacaaabacbbbcccbbaaacccaab	cbabbcccaaabaacaabbcbbbaaacaaabaaaccbaac	aacbbbcccacccbcccaabccaaabbcacbcccaaacbb	0
2	1360	ccaaabaaacaaabbbccabbcbbbaaabbbccabbccca	ccaaabbcccacccbcccaaaccbbbaacbbabbbcccba	ccbbbabbbcbbbaaacaaabacbbbcccbbaaacccaab	cbabbcccaaabaacaabbcbbbaaacaaabaaaccbaac	aacbbbcccacccbcccaabccaaabbcacbcccaabacb	0
2	1360	ccaaabaaacaaabbbccabbcbbbaaabbbccabbccca	ccaaabbcccacccbcccaaaccbbbaacbbabbbcccba	ccbbbabbbcbbbaaacaaabacbbbcccbbaaacccaab	cbabbcccaaabaacaabbcbbbaaacaaabaaaccbaac	aacbbbcccacccbcccaabccaaabbcacbcccaabbca	0
2	1360	ccaaabaaacaaabbbccabbcbbbaaabbbccabbccca	ccaaabbcccacccbcccaaaccbbbaacbbabbbcccba	ccbbbabbbcbbbaaacaaabacbbbcccbbaaacccaab	cbabbcccaaabaacaabbcbbbaaacaaabaaaccbaac	aacbbbcccacccbcccaabccaaabbcacbcccaabcab	0
2	1360	ccaaabaaacaaabbbccabbcbbbaaabbbccabbccca	ccaaabbcccacccbcccaaaccbbbaacbbabbbcccba	ccbbbabbbcbbbaaacaaabacbbbcccbbaaacccaab	cbabbcccaaabaacaabbcbbbaaacaaabaaaccbaac	aacbbbcccacccbcccaabccaaabbcacbcccaabcba	0
2	1360	ccaaabaaacaaabbbccabbcbbbaaabbbccabbccca	ccaaabbcccacccbcccaaaccbbbaacbbabbbcccba	ccbbbabbbcbbbaaacaaabacbbbcccbbaaacccaab	cbabbcccaaabaacaabbcbbbaaacaaabaaaccbaac	aacbbbcccacccbcccaabccaaabbcaccbccaabbca	0
2	1360	ccaaabaaacaaabbbccabbcbbbaaabbbccabbccca	ccaaabbcccacccbcccaaaccbbbaacbbabbbcccba	ccbbbabbbcbbbaaacaaabacbbbcccbbaaacccaab	cbabbcccaaabaacaabbcbbbaaacaaabaaaccbaac	aacbbbcccacccbcccaabccaaabbcacccbcaabbca	0
2	1360	ccaaabaaacaaabbbccabbcbbbaaabbbccabbccca	ccaaabbcccacccbcccaaaccbbbaacbbabbbcccba	ccbbbabbbcbbbaaacaaabacbbbcccbbaaacccaab	cbabbcccaaabaacaabbcbbbaaacaaabaaaccbaac	aacbbbcccacccbcccaabccaaabcaabbbccaccbca	0
2	1360	ccaaabaaacaaabbbccabbcbbbaaabbbccabbccca	ccaaabbcccacccbcccaaaccbbbaacbbabbbcccba	ccbbbabbbcbbbaaacaaabacbbbcccbbaaacccaab	cbabbcccaaabaacaabbcbbbaaacaaabaaaccbaac	aacbbbcccacccbcccaabccaaabcaabbbccacccba	0
2	1360	ccaaabaaacaaabbbccabbcbbbaaabbbccabbccca	ccaaabbcccacccbcccaaaccbbbaacbbabbbcccba	ccbbbabbbcbbbaaacaaabacbbbcccbbaaacccaab	cbabbcccaaabaacaabbcbbbaaacaaabaaaccbaac	aacbbbcccacccbcccaabccaaabcaabbbcccacbca	0
2	1360	ccaaabaaacaaabbbccabbcbbbaaabbbccabbccca	ccaaabbcccacccbcccaaaccbbbaacbbabbbcccba	ccbbbabbbcbbbaaacaaabacbbbcccbbaaacccaab	cbabbcccaaabaacaabbcbbbaaacaaabaaaccbaac	aacbbbcccacccbcccaabccaaabcaabbbcccaccba	0
2	1360	ccaaabaaacaaabbbccabbcbbbaaabbbccabbccca	ccaaabbcccacccbcccaaaccbbbaacbbabbbcccba	ccbbbabbbcbbbaaacaaabacbbbcccbbaaacccaab	cbabbcccaaabaacaabbcbbbaaacaaabaaaccbaac	aacbbbcccacccbcccaabccaaabcabbbccaaacccb	0
2	1360	ccaaabaaacaaabbbccabbcbbbaaabbbccabbccca	ccaaabbcccacccbcccaaaccbbbaacbbabbbcccba	ccbbbabbbcbbbaaacaaabacbbbcccbbaaacccaab	cbabbcccaaabaacaabbcbbbaaacaaabaaaccbaac	aacbbbcccacccbcccaabccaaabcabbbcccaaaccb	0
2	1360	ccaaabaaacaaabbbccabbcbbbaaabbbccabbccca	ccaaabbcccacccbcccaaaccbbbaacbbabbbcccba	ccbbbabbbcbbbaaacaaabacbbbcccbbaaacccaab	cbabbcccaaabaacaabbcbbbaaacaaabaaaccbaac	aacbbbcccacccbcccaabccaaabcabbbcccacbaca	0
2	1360	ccaaabaaacaaabbbccabbcbbbaaabbbccabbccca	ccaaabbcccacccbcccaaaccbbbaacbbabbbcccba	ccbbbabbbcbbbaaacaaabacbbbcccbbaaacccaab	cbabbcccaaabaacaabbcbbbaaacaaabaaaccbaac	aacbbbcccacccbcccaabccaaabcabbcccabaaccb	0
2	1360	ccaaabaaacaaabbbccabbcbbbaaabbbccabbccca	ccaaabbcccacccbcccaaaccbbbaacbbabbbcccba	ccbbbabbbcbbbaaacaaabacbbbcccbbaaacccaab	cbabbcccaaabaacaabbcbbbaaacaaabaaaccbaac	aacbbbcccacccbcccaabccaaabcabbcccabccaab	0
2	1360	ccaaabaaacaaabbbccabbcbbbaaabbbccabbccca	ccaaabbcccacccbcccaaaccbbbaacbbabbbcccba	ccbbbabbbcbbbaaacaaabacbbbcccbbaaacccaab	cbabbcccaaabaacaabbcbbbaaacaaabaaaccbaac	aacbbbcccacccbcccaabccaaabcabbcccacbcaab	0
2	1360	ccaaabaaacaaabbbccabbcbbbaaabbbccabbccca	ccaaabbcccacccbcccaaaccbbbaacbbabbbcccba	ccbbbabbbcbbbaaacaaabacbbbcccbbaaacccaab	cbabbcccaaabaacaabbcbbbaaacaaabaaaccbaac	aacbbbcccacccbcccaabccaaabcabbcccbaaaccb	0
2	1360	ccaaabaaacaaabbbccabbcbbbaaabbbccabbccca	ccaaabbcccacccbcccaaaccbbbaacbbabbbcccba	ccbbbabbbcbbbaaacaaabacbbbcccbbaaacccaab	cbabbcccaaabaacaabbcbbbaaacaaabaaaccbaac	aacbbbcccacccbcccaabccaaacbabbbccaaacccb	0
2	1360	ccaaabaaacaaabbbccabbcbbbaaabbbccabbccca	ccaaabbcccacccbcccaaaccbbbaacbbabbbcccba	ccbbbabbbcbbbaaacaaabacbbbcccbbaaacccaab	cbabbcccaaabaacaabbcbbbaaacaaabaaaccbaac	aacbbbcccacccbcccaabccaaacbabbbcccaaaccb	0
2	1360	ccaaabaaacaaabbbccabbcbbbaaabbbccabbccca	ccaaabbcccacccbcccaaaccbbbaacbbabbbcccba	ccbbbabbbcbbbaaacaaabacbbbcccbbaaacccaab	cbabbcccaaabaacaabbcbbbaaacaaabaaaccbaac	aacbbbcccacccbcccaabccaaacbabbbcccacbaca	0
2	1360	ccaaabaaacaaabbbccabbcbbbaaabbbccabbccca	ccaaabbcccacccbcccaaaccbbbaacbbabbbcccba	ccbbbabbbcbbbaaacaaabacbbbcccbbaaacccaab	cbabbcccaaabaacaabbcbbbaaacaaabaaaccbaac	aacbbbcccacccbcccaabccaaacbabbcacbcccaab	0
2	1360	ccaaabaaacaaabbbccabbcbbbaaabbbccabbccca	ccaaabbcccacccbcccaaaccbbbaacbbabbbcccba	ccbbbabbbcbbbaaacaaabacbbbcccbbaaacccaab	cbabbcccaaabaacaabbcbbbaaacaaabaaaccbaac	aacbbbcccacccbcccaabccaaacbabbcaccbccaab	0
2	1360	ccaaabaaacaaabbbccabbcbbbaaabbbccabbccca	ccaaabbcccacccbcccaaaccbbbaacbbabbbcccba	ccbbbabbbcbbbaaacaaabacbbbcccbbaaacccaab	cbabbcccaaabaacaabbcbbbaaacaaabaaaccbaac	aacbbbcccacccbcccaabccaaacbabbcacccbcaab	0
2	1360	ccaaabaaacaaabbbccabbcbbbaaabbbccabbccca	ccaaabbcccacccbcccaaaccbbbaacbbabbbcccba	ccbbbabbbcbbbaaacaaabacbbbcccbbaaacccaab	cbabbcccaaabaacaabbcbbbaaacaaabaaaccbaac	aacbbbcccacccbcccaabccaaacbabbcacccbcaba	0
2	1360	ccaaabaaacaaabbbccabbcbbbaaabbbccabbccca	ccaaabbcccacccbcccaaaccbbbaacbbabbbcccba	ccbbbabbbcbbbaaacaaabacbbbcccbbaaacccaab	cbabbcccaaabaacaabbcbbbaaacaaabaaaccbaac	aacbbbcccacccbcccaabccaaacbabbccaaabcccb	0
2	1360	ccaaabaaacaaabbbccabbcbbbaaabbbccabbccca	ccaaabbcccacccbcccaaaccbbbaacbbabbbcccba	ccbbbabbbcbbbaaacaaabacbbbcccbbaaacccaab	cbabbcccaaabaacaabbcbbbaaacaaabaaaccbaac	aacbbbcccacccbcccaabccaaacbabbccaabacccb	0
2	1360	ccaaabaaacaaabbbccabbcbbbaaabbbccabbccca	ccaaabbcccacccbcccaaaccbbbaacbbabbbcccba	ccbbbabbbcbbbaaacaaabacbbbcccbbaaacccaab	cbabbcccaaabaacaabbcbbbaaacaaabaaaccbaac	aacbbbcccacccbcccaabccaaacbabbccaabcaccb	0
2	1360	ccaaabaaacaaabbbccabbcbbbaaabbbccabbccca	ccaaabbcccacccbcccaaaccbbbaacbbabbbcccba	ccbbbabbbcbbbaaacaaabacbbbcccbbaaacccaab	cbabbcccaaabaacaabbcbbbaaacaaabaaaccbaac	aacbbbcccacccbcccaabccaaacbabbccabaacccb	0
2	1360	ccaaabaaacaaabbbccabbcbbbaaabbbccabbccca	ccaaabbcccacccbcccaaaccbbbaacbbabbbcccba	ccbbbabbbcbbbaaacaaabacbbbcccbbaaacccaab	cbabbcccaaabaacaabbcbbbaaacaaabaaaccbaac	aacbbbcccacccbcccaabccaaacbabbccabcccaab	0
2	1360	ccaaabaaacaaabbbccabbcbbbaaabbbccabbccca	ccaaabbcccacccbcccaaaccbbbaacbbabbbcccba	ccbbbabbbcbbbaaacaaabacbbbcccbbaaacccaab	cbabbcccaaabaacaabbcbbbaaacaaabaaaccbaac	aacbbbcccacccbcccaabccaaacbabbccacbaaccb	0
2	1360	ccaaabaaacaaabbbccabbcbbbaaabbbccabbccca	ccaaabbcccacccbcccaaaccbbbaacbbabbbcccba	ccbbbabbbcbbbaaacaaabacbbbcccbbaaacccaab	cbabbcccaaabaacaabbcbbbaaacaaabaaaccbaac	aacbbbcccacccbcccaabccaaacbabbccacbccaab	0
2	1360	ccaaabaaacaaabbbccabbcbbbaaabbbccabbccca	ccaaabbcccacccbcccaaaccbbbaacbbabbbcccba	ccbbbabbbcbbbaaacaaabacbbbcccbbaaacccaab	cbabbcccaaabaacaabbcbbbaaacaaabaaaccbaac	aacbbbcccacccbcccaabccaaacbabbccaccbcaab	0
2	1360	ccaaabaaacaaabbbccabbcbbbaaabbbccabbccca	ccaaabbcccacccbcccaaaccbbbaacbbabbbcccba	ccbbbabbbcbbbaaacaaabacbbbcccbbaaacccaab	cbabbcccaaabaacaabbcbbbaaacaaabaaaccbaac	aacbbbcccacccbcccaabccaaacbabbccaccbcaba	0
2	1360	ccaaabaaacaaabbbccabbcbbbaaabbbccabbccca	ccaaabbcccacccbcccaaaccbbbaacbbabbbcccba	ccbbbabbbcbbbaaacaaabacbbbcccbbaaacccaab	cbabbcccaaabaacaabbcbbbaaacaaabaaaccbaac	aacbbbcccacccbcccaabccaaacbabbcccabaaccb	0
2	1360	ccaaabaaacaaabbbccabbcbbbaaabbbccabbccca	ccaaabbcccacccbcccaaaccbbbaacbbabbbcccba	ccbbbabbbcbbbaaacaaabacbbbcccbbaaacccaab	cbabbcccaaabaacaabbcbbbaaacaaabaaaccbaac	aacbbbcccacccbcccaabccaaacbabbcccabccaab	0
2	1360	ccaaabaaacaaabbbccabbcbbbaaabbbccabbccca	ccaaabbcccacccbcccaaaccbbbaacbbabbbcccba	ccbbbabbbcbbbaaacaaabacbbbcccbbaaacccaab	cbabbcccaaabaacaabbcbbbaaacaaabaaaccbaac	aacbbbcccacccbcccaabccaaacbabbcccacbcaab	0
2	1360	ccaaabaaacaaabbbccabbcbbbaaabbbccabbccca	ccaaabbcccacccbcccaaaccbbbaacbbabbbcccba	ccbbbabbbcbbbaaacaaabacbbbcccbbaaacccaab	cbabbcccaaabaacaabbcbbbaaacaaabaaaccbaac	aacbbbcccacccbcccaabccaaacbabbcccbaaaccb	0
2	1360	ccaaabaaacaaabbbccabbcbbbaaabbbccabbccca	ccaaabbcccacccbcccaaaccbbbaacbbabbbcccba	ccbbbabbbcbbbaaacaaabacbbbcccbbaaacccaab	cbabbcccaaabaacaabbcbbbaaacaaabaaaccbaac	aacbbbcccacccbcccaabccaaacbbabcaccbccaab	0
2	1360	ccaaabaaacaaabbbccabbcbbbaaabbbccabbccca	ccaaabbcccacccbcccaaaccbbbaacbbabbbcccba	ccbbbabbbcbbbaaacaaabacbbbcccbbaaacccaab	cbabbcccaaabaacaabbcbbbaaacaaabaaaccbaac	aacbbbcccacccbcccaabccaaacbbabcacccbbaca	0
2	1360	ccaaabaaacaaabbbccabbcbbbaaabbbccabbccca	ccaaabbcccacccbcccaaaccbbbaacbbabbbcccba	ccbbbabbbcbbbaaacaaabacbbbcccbbaaacccaab	cbabbcccaaabaacaabbcbbbaaacaaabaaaccbaac	aacbbbcccacccbcccaabccaaacbbabcacccbcaab	0
2	1360	ccaaabaaacaaabbbccabbcbbbaaabbbccabbccca	ccaaabbcccacccbcccaaaccbbbaacbbabbbcccba	ccbbbabbbcbbbaaacaaabacbbbcccbbaaacccaab	cbabbcccaaabaacaabbcbbbaaacaaabaaaccbaac	aacbbbcccacccbcccaabccaaacbbabcacccbcaba	0
2	1360	ccaaabaaacaaabbbccabbcbbbaaabbbccabbccca	ccaaabbcccacccbcccaaaccbbbaacbbabbbcccba	ccbbbabbbcbbbaaacaaabacbbbcccbbaaacccaab	cbabbcccaaabaacaabbcbbbaaacaaabaaaccbaac	aacbbbcccacccbcccaabccaaacccaabbbacccbba	0
2	1360	ccaaabaaacaaabbbccabbcbbbaaabbbccabbccca	ccaaabbcccacccbcccaaaccbbbaacbbabbbcccba	ccbbbabbbcbbbaaacaaabacbbbcccbbaaacccaab	cbabbcccaaabaacaabbcbbbaaacaaabaaaccbaac	aacbbbcccacccbcccaabccaaacccaabbbcaccbba	0
2	1360	ccaaabaaacaaabbbccabbcbbbaaabbbccabbccca	ccaaabbcccacccbcccaaaccbbbaacbbabbbcccba	ccbbbabbbcbbbaaacaaabacbbbcccbbaaacccaab	cbabbcccaaabaacaabbcbbbaaacaaabaaaccbaac	aacbbbcccacccbcccaabccaaacccaabbbccacbba	0
2	1360	ccaaabaaacaaabbbccabbcbbbaaabbbccabbccca	ccaaabbcccacccbcccaaaccbbbaacbbabbbcccba	ccbbbabbbcbbbaaacaaabacbbbcccbbaaacccaab	cbabbcccaaabaacaabbcbbbaaacaaabaaaccbaac	aacbbbcccacccbcccaabccaaacccaabbcbaccbba	0
2	1360	ccaaabaaacaaabbbccabbcbbbaaabbbccabbccca	ccaaabbcccacccbcccaaaccbbbaacbbabbbcccba	ccbbbabbbcbbbaaacaaabacbbbcccbbaaacccaab	cbabbcccaaabaacaabbcbbbaaacaaabaaaccbaac	aacbbbcccacccbcccaabccaaacccbbaaccbabbca	0
2	1360	ccaaabaaacaaabbbccabbcbbbaaabbbccabbccca	ccaaabbcccacccbcccaaaccbbbaacbbabbbcccba	ccbbbabbbcbbbaaacaaabacbbbcccbbaaacccaab	cbabbcccaaabaacaabbcbbbaaacaaabaaaccbaac	aacbbbcccacccbcccaabccaaacccbbabccaabbca	0
4	2731	ccaaabaaacaaabbbccabbcbbbaaabbbccabbccca	ccaaabbcccacccbcccaaaccbbbaacbbabbbcccba	ccbbbabbbcbbbaacaaabaacbbbcccbbaaacccaab	cbabbcccaaabacaaabbcbbbaaacaaabaaaccbaac	aacbbbcccacccbcccaabccaaabbcabcccaaaccbb	0
4	2731	ccaaabaaacaaabbbccabbcbbbaaabbbccabbccca	ccaaabbcccacccbcccaaaccbbbaacbbabbbcccba	ccbbbabbbcbbbaacaaabaacbbbcccbbaaacccaab	cbabbcccaaabacaaabbcbbbaaacaaabaaaccbaac	aacbbbcccacccbcccaabccaaabbcacbcccaaabcb	0
4	2731	ccaaabaaacaaabbbccabbcbbbaaabbbccabbccca	ccaaabbcccacccbcccaaaccbbbaacbbabbbcccba	ccbbbabbbcbbbaacaaabaacbbbcccbbaaacccaab	cbabbcccaaabacaaabbcbbbaaacaaabaaaccbaac	aacbbbcccacccbcccaabccaaabbcacbcccaaacbb	0
4	2731	ccaaabaaacaaabbbccabbcbbbaaabbbccabbccca	ccaaabbcccacccbcccaaaccbbbaacbbabbbcccba	ccbbbabbbcbbbaacaaabaacbbbcccbbaaacccaab	cbabbcccaaabacaaabbcbbbaaacaaabaaaccbaac	aacbbbcccacccbcccaabccaaabbcacbcccaabacb	0
4	2731	ccaaabaaacaaabbbccabbcbbbaaabbbccabbccca	ccaaabbcccacccbcccaaaccbbbaacbbabbbcccba	ccbbbabbbcbbbaacaaabaacbbbcccbbaaacccaab	cbabbcccaaabacaaabbcbbbaaacaaabaaaccbaac	aacbbbcccacccbcccaabccaaabbcacbcccaabbca	0
4	2731	ccaaabaaacaaabbbccabbcbbbaaabbbccabbccca	ccaaabbcccacccbcccaaaccbbbaacbbabbbcccba	ccbbbabbbcbbbaacaaabaacbbbcccbbaaacccaab	cbabbcccaaabacaaabbcbbbaaacaaabaaaccbaac	aacbbbcccacccbcccaabccaaabbcacbcccaabcab	0
4	2731	ccaaabaaacaaabbbccabbcbbbaaabbbccabbccca	ccaaabbcccacccbcccaaaccbbbaacbbabbbcccba	ccbbbabbbcbbbaacaaabaacbbbcccbbaaacccaab	cbabbcccaaabacaaabbcbbbaaacaaabaaaccbaac	aacbbbcccacccbcccaabccaaabbcacbcccaabcba	0
4	2731	ccaaabaaacaaabbbccabbcbbbaaabbbccabbccca	ccaaabbcccacccbcccaaaccbbbaacbbabbbcccba	ccbbbabbbcbbbaacaaabaacbbbcccbbaaacccaab	cbabbcccaaabacaaabbcbbbaaacaaabaaaccbaac	aacbbbcccacccbcccaabccaaabbcaccbccaabbca	0
4	2731	ccaaabaaacaaabbbccabbcbbbaaabbbccabbccca	ccaaabbcccacccbcccaaaccbbbaacbbabbbcccba	ccbbbabbbcbbbaacaaabaacbbbcccbbaaacccaab	cbabbcccaaabacaaabbcbbbaaacaaabaaaccbaac	aacbbbcccacccbcccaabccaaabbcacccbcaabbca	0
4	2731	ccaaabaaacaaabbbccabbcbbbaaabbbccabbccca	ccaaabbcccacccbcccaaaccbbbaacbbabbbcccba	ccbbbabbbcbbbaacaaabaacbbbcccbbaaacccaab	cbabbcccaaabacaaabbcbbbaaacaaabaaaccbaac	aacbbbcccacccbcccaabccaaabcaabbbccaccbca	0
4	2731	ccaaabaaacaaabbbccabbcbbbaaabbbccabbccca	ccaaabbcccacccbcccaaaccbbbaacbbabbbcccba	ccbbbabbbcbbbaacaaabaacbbbcccbbaaacccaab	cbabbcccaaabacaaabbcbbbaaacaaabaaaccbaac	aacbbbcccacccbcccaabccaaabcaabbbccacccba	0
4	2731	ccaaabaaacaaabbbccabbcbbbaaabbbccabbccca	ccaaabbcccacccbcccaaaccbbbaacbbabbbcccba	ccbbbabbbcbbbaacaaabaacbbbcccbbaaacccaab	cbabbcccaaabacaaabbcbbbaaacaaabaaaccbaac	aacbbbcccacccbcccaabccaaabcaabbbcccacbca	0
4	2731	ccaaabaaacaaabbbccabbcbbbaaabbbccabbccca	ccaaabbcccacccbcccaaaccbbbaacbbabbbcccba	ccbbbabbbcbbbaacaaabaacbbbcccbbaaacccaab	cbabbcccaaabacaaabbcbbbaaacaaabaaaccbaac	aacbbbcccacccbcccaabccaaabcaabbbcccaccba	0
4	2731	ccaaabaaacaaabbbccabbcbbbaaabbbccabbccca	ccaaabbcccacccbcccaaaccbbbaacbbabbbcccba	ccbbbabbbcbbbaacaaabaacbbbcccbbaaacccaab	cbabbcccaaabacaaabbcbbbaaacaaabaaaccbaac	aacbbbcccacccbcccaabccaaabcabbbccaaacccb	0
4	2731	ccaaabaaacaaabbbccabbcbbbaaabbbccabbccca	ccaaabbcccacccbcccaaaccbbbaacbbabbbcccba	ccbbbabbbcbbbaacaaabaacbbbcccbbaaacccaab	cbabbcccaaabacaaabbcbbbaaacaaabaaaccbaac	aacbbbcccacccbcccaabccaaabcabbbcccaaaccb	0
4	2731	ccaaabaaacaaabbbccabbcbbbaaabbbccabbccca	ccaaabbcccacccbcccaaaccbbbaacbbabbbcccba	ccbbbabbbcbbbaacaaabaacbbbcccbbaaacccaab	cbabbcccaaabacaaabbcbbbaaacaaabaaaccbaac	aacbbbcccacccbcccaabccaaabcabbbcccacbaca	0
4	2731	ccaaabaaacaaabbbccabbcbbbaaabbbccabbccca	ccaaabbcccacccbcccaaaccbbbaacbbabbbcccba	ccbbbabbbcbbbaacaaabaacbbbcccbbaaacccaab	cbabbcccaaabacaaabbcbbbaaacaaabaaaccbaac	aacbbbcccacccbcccaabccaaabcabbcccabaaccb	0
4	2731	ccaaabaaacaaabbbccabbcbbbaaabbbccabbccca	ccaaabbcccacccbcccaaaccbbbaacbbabbbcccba	ccbbbabbbcbbbaacaaabaacbbbcccbbaaacccaab	cbabbcccaaabacaaabbcbbbaaacaaabaaaccbaac	aacbbbcccacccbcccaabccaaabcabbcccabccaab	0
4	2731	ccaaabaaacaaabbbccabbcbbbaaabbbccabbccca	ccaaabbcccacccbcccaaaccbbbaacbbabbbcccba	ccbbbabbbcbbbaacaaabaacbbbcccbbaaacccaab	cbabbcccaaabacaaabbcbbbaaacaaabaaaccbaac	aacbbbcccacccbcccaabccaaabcabbcccacbcaab	0
4	2731	ccaaabaaacaaabbbccabbcbbbaaabbbccabbccca	ccaaabbcccacccbcccaaaccbbbaacbbabbbcccba	ccbbbabbbcbbbaacaaabaacbbbcccbbaaacccaab	cbabbcccaaabacaaabbcbbbaaacaaabaaaccbaac	aacbbbcccacccbcccaabccaaabcabbcccbaaaccb	0
4	2731	ccaaabaaacaaabbbccabbcbbbaaabbbccabbccca	ccaaabbcccacccbcccaaaccbbbaacbbabbbcccba	ccbbbabbbcbbbaacaaabaacbbbcccbbaaacccaab	cbabbcccaaabacaaabbcbbbaaacaaabaaaccbaac	aacbbbcccacccbcccaabccaaacbabbbccaaacccb	0
4	2731	ccaaabaaacaaabbbccabbcbbbaaabbbccabbccca	ccaaabbcccacccbcccaaaccbbbaacbbabbbcccba	ccbbbabbbcbbbaacaaabaacbbbcccbbaaacccaab	cbabbcccaaabacaaabbcbbbaaacaaabaaaccbaac	aacbbbcccacccbcccaabccaaacbabbbcccaaaccb	0
4	2731	ccaaabaaacaaabbbccabbcbbbaaabbbccabbccca	ccaaabbcccacccbcccaaaccbbbaacbbabbbcccba	ccbbbabbbcbbbaacaaabaacbbbcccbbaaacccaab	cbabbcccaaabacaaabbcbbbaaacaaabaaaccbaac	aacbbbcccacccbcccaabccaaacbabbbcccacbaca	0
4	2731	ccaaabaaacaaabbbccabbcbbbaaabbbccabbccca	ccaaabbcccacccbcccaaaccbbbaacbbabbbcccba	ccbbbabbbcbbbaacaaabaacbbbcccbbaaacccaab	cbabbcccaaabacaaabbcbbbaaacaaabaaaccbaac	aacbbbcccacccbcccaabccaaacbabbcacbcccaab	0
4	2731	ccaaabaaacaaabbbccabbcbbbaaabbbccabbccca	ccaaabbcccacccbcccaaaccbbbaacbbabbbcccba	ccbbbabbbcbbbaacaaabaacbbbcccbbaaacccaab	cbabbcccaaabacaaabbcbbbaaacaaabaaaccbaac	aacbbbcccacccbcccaabccaaacbabbcaccbccaab	0
4	2731	ccaaabaaacaaabbbccabbcbbbaaabbbccabbccca	ccaaabbcccacccbcccaaaccbbbaacbbabbbcccba	ccbbbabbbcbbbaacaaabaacbbbcccbbaaacccaab	cbabbcccaaabacaaabbcbbbaaacaaabaaaccbaac	aacbbbcccacccbcccaabccaaacbabbcacccbcaab	0
4	2731	ccaaabaaacaaabbbccabbcbbbaaabbbccabbccca	ccaaabbcccacccbcccaaaccbbbaacbbabbbcccba	ccbbbabbbcbbbaacaaabaacbbbcccbbaaacccaab	cbabbcccaaabacaaabbcbbbaaacaaabaaaccbaac	aacbbbcccacccbcccaabccaaacbabbcacccbcaba	0
4	2731	ccaaabaaacaaabbbccabbcbbbaaabbbccabbccca	ccaaabbcccacccbcccaaaccbbbaacbbabbbcccba	ccbbbabbbcbbbaacaaabaacbbbcccbbaaacccaab	cbabbcccaaabacaaabbcbbbaaacaaabaaaccbaac	aacbbbcccacccbcccaabccaaacbabbccaaabcccb	0
4	2731	ccaaabaaacaaabbbccabbcbbbaaabbbccabbccca	ccaaabbcccacccbcccaaaccbbbaacbbabbbcccba	ccbbbabbbcbbbaacaaabaacbbbcccbbaaacccaab	cbabbcccaaabacaaabbcbbbaaacaaabaaaccbaac	aacbbbcccacccbcccaabccaaacbabbccaabacccb	0
4	2731	ccaaabaaacaaabbbccabbcbbbaaabbbccabbccca	ccaaabbcccacccbcccaaaccbbbaacbbabbbcccba	ccbbbabbbcbbbaacaaabaacbbbcccbbaaacccaab	cbabbcccaaabacaaabbcbbbaaacaaabaaaccbaac	aacbbbcccacccbcccaabccaaacbabbccaabcaccb	0
4	2731	ccaaabaaacaaabbbccabbcbbbaaabbbccabbccca	ccaaabbcccacccbcccaaaccbbbaacbbabbbcccba	ccbbbabbbcbbbaacaaabaacbbbcccbbaaacccaab	cbabbcccaaabacaaabbcbbbaaacaaabaaaccbaac	aacbbbcccacccbcccaabccaaacbabbccabaacccb	0
4	2731	ccaaabaaacaaabbbccabbcbbbaaabbbccabbccca	ccaaabbcccacccbcccaaaccbbbaacbbabbbcccba	ccbbbabbbcbbbaacaaabaacbbbcccbbaaacccaab	cbabbcccaaabacaaabbcbbbaaacaaabaaaccbaac	aacbbbcccacccbcccaabccaaacbabbccabcccaab	0
4	2731	ccaaabaaacaaabbbccabbcbbbaaabbbccabbccca	ccaaabbcccacccbcccaaaccbbbaacbbabbbcccba	ccbbbabbbcbbbaacaaabaacbbbcccbbaaacccaab	cbabbcccaaabacaaabbcbbbaaacaaabaaaccbaac	aacbbbcccacccbcccaabccaaacbabbccacbaaccb	0
4	2731	ccaaabaaacaaabbbccabbcbbbaaabbbccabbccca	ccaaabbcccacccbcccaaaccbbbaacbbabbbcccba	ccbbbabbbcbbbaacaaabaacbbbcccbbaaacccaab	cbabbcccaaabacaaabbcbbbaaacaaabaaaccbaac	aacbbbcccacccbcccaabccaaacbabbccacbccaab	0
4	2731	ccaaabaaacaaabbbccabbcbbbaaabbbccabbccca	ccaaabbcccacccbcccaaaccbbbaacbbabbbcccba	ccbbbabbbcbbbaacaaabaacbbbcccbbaaacccaab	cbabbcccaaabacaaabbcbbbaaacaaabaaaccbaac	aacbbbcccacccbcccaabccaaacbabbccaccbcaab	0
4	2731	ccaaabaaacaaabbbccabbcbbbaaabbbccabbccca	ccaaabbcccacccbcccaaaccbbbaacbbabbbcccba	ccbbbabbbcbbbaacaaabaacbbbcccbbaaacccaab	cbabbcccaaabacaaabbcbbbaaacaaabaaaccbaac	aacbbbcccacccbcccaabccaaacbabbccaccbcaba	0
4	2731	ccaaabaaacaaabbbccabbcbbbaaabbbccabbccca	ccaaabbcccacccbcccaaaccbbbaacbbabbbcccba	ccbbbabbbcbbbaacaaabaacbbbcccbbaaacccaab	cbabbcccaaabacaaabbcbbbaaacaaabaaaccbaac	aacbbbcccacccbcccaabccaaacbabbcccabaaccb	0
4	2731	ccaaabaaacaaabbbccabbcbbbaaabbbccabbccca	ccaaabbcccacccbcccaaaccbbbaacbbabbbcccba	ccbbbabbbcbbbaacaaabaacbbbcccbbaaacccaab	cbabbcccaaabacaaabbcbbbaaacaaabaaaccbaac	aacbbbcccacccbcccaabccaaacbabbcccabccaab	0
4	2731	ccaaabaaacaaabbbccabbcbbbaaabbbccabbccca	ccaaabbcccacccbcccaaaccbbbaacbbabbbcccba	ccbbbabbbcbbbaacaaabaacbbbcccbbaaacccaab	cbabbcccaaabacaaabbcbbbaaacaaabaaaccbaac	aacbbbcccacccbcccaabccaaacbabbcccacbcaab	0
4	2731	ccaaabaaacaaabbbccabbcbbbaaabbbccabbccca	ccaaabbcccacccbcccaaaccbbbaacbbabbbcccba	ccbbbabbbcbbbaacaaabaacbbbcccbbaaacccaab	cbabbcccaaabacaaabbcbbbaaacaaabaaaccbaac	aacbbbcccacccbcccaabccaaacbabbcccbaaaccb	0
4	2731	ccaaabaaacaaabbbccabbcbbbaaabbbccabbccca	ccaaabbcccacccbcccaaaccbbbaacbbabbbcccba	ccbbbabbbcbbbaacaaabaacbbbcccbbaaacccaab	cbabbcccaaabacaaabbcbbbaaacaaabaaaccbaac	aacbbbcccacccbcccaabccaaacbbabcaccbccaab	0
4	2731	ccaaabaaacaaabbbccabbcbbbaaabbbccabbccca	ccaaabbcccacccbcccaaaccbbbaacbbabbbcccba	ccbbbabbbcbbbaacaaabaacbbbcccbbaaacccaab	cbabbcccaaabacaaabbcbbbaaacaaabaaaccbaac	aacbbbcccacccbcccaabccaaacbbabcacccbbaca	0
4	2731	ccaaabaaacaaabbbccabbcbbbaaabbbccabbccca	ccaaabbcccacccbcccaaaccbbbaacbbabbbcccba	ccbbbabbbcbbbaacaaabaacbbbcccbbaaacccaab	cbabbcccaaabacaaabbcbbbaaacaaabaaaccbaac	aacbbbcccacccbcccaabccaaacbbabcacccbcaab	0
4	2731	ccaaabaaacaaabbbccabbcbbbaaabbbccabbccca	ccaaabbcccacccbcccaaaccbbbaacbbabbbcccba	ccbbbabbbcbbbaacaaabaacbbbcccbbaaacccaab	cbabbcccaaabacaaabbcbbbaaacaaabaaaccbaac	aacbbbcccacccbcccaabccaaacbbabcacccbcaba	0
4	2731	ccaaabaaacaaabbbccabbcbbbaaabbbccabbccca	ccaaabbcccacccbcccaaaccbbbaacbbabbbcccba	ccbbbabbbcbbbaacaaabaacbbbcccbbaaacccaab	cbabbcccaaabacaaabbcbbbaaacaaabaaaccbaac	aacbbbcccacccbcccaabccaaacccaabbbacccbba	0
4	2731	ccaaabaaacaaabbbccabbcbbbaaabbbccabbccca	ccaaabbcccacccbcccaaaccbbbaacbbabbbcccba	ccbbbabbbcbbbaacaaabaacbbbcccbbaaacccaab	cbabbcccaaabacaaabbcbbbaaacaaabaaaccbaac	aacbbbcccacccbcccaabccaaacccaabbbcaccbba	0
4	2731	ccaaabaaacaaabbbccabbcbbbaaabbbccabbccca	ccaaabbcccacccbcccaaaccbbbaacbbabbbcccba	ccbbbabbbcbbbaacaaabaacbbbcccbbaaacccaab	cbabbcccaaabacaaabbcbbbaaacaaabaaaccbaac	aacbbbcccacccbcccaabccaaacccaabbbccacbba	0
4	2731	ccaaabaaacaaabbbccabbcbbbaaabbbccabbccca	ccaaabbcccacccbcccaaaccbbbaacbbabbbcccba	ccbbbabbbcbbbaacaaabaacbbbcccbbaaacccaab	cbabbcccaaabacaaabbcbbbaaacaaabaaaccbaac	aacbbbcccacccbcccaabccaaacccaabbcbaccbba	0
4	2731	ccaaabaaacaaabbbccabbcbbbaaabbbccabbccca	ccaaabbcccacccbcccaaaccbbbaacbbabbbcccba	ccbbbabbbcbbbaacaaabaacbbbcccbbaaacccaab	cbabbcccaaabacaaabbcbbbaaacaaabaaaccbaac	aacbbbcccacccbcccaabccaaacccbbaaccbabbca	0
4	2731	ccaaabaaacaaabbbccabbcbbbaaabbbccabbccca	ccaaabbcccacccbcccaaaccbbbaacbbabbbcccba	ccbbbabbbcbbbaacaaabaacbbbcccbbaaacccaab	cbabbcccaaabacaaabbcbbbaaacaaabaaaccbaac	aacbbbcccacccbcccaabccaaacccbbabccaabbca	0
4	3004	ccaaabaaacaaabbbccabbcbbbaaabbbccabbccca	ccaaabbcccacccbcccaaaccbbbaacbbabbbcccba	ccbbbabbbcbbbaaacaaabacbbbcccbbaaacccaab	cbabbcccaaabacaaabbcbbbaaacaaabaaaccbaac	aacbbbcccacccbcccaabccaaabbcabcccaaaccbb	0
4	3004	ccaaabaaacaaabbbccabbcbbbaaabbbccabbccca	ccaaabbcccacccbcccaaaccbbbaacbbabbbcccba	ccbbbabbbcbbbaaacaaabacbbbcccbbaaacccaab	cbabbcccaaabacaaabbcbbbaaacaaabaaaccbaac	aacbbbcccacccbcccaabccaaabbcacbcccaaabcb	0
4	3004	ccaaabaaacaaabbbccabbcbbbaaabbbccabbccca	ccaaabbcccacccbcccaaaccbbbaacbbabbbcccba	ccbbbabbbcbbbaaacaaabacbbbcccbbaaacccaab	cbabbcccaaabacaaabbcbbbaaacaaabaaaccbaac	aacbbbcccacccbcccaabccaaabbcacbcccaaacbb	0
4	3004	ccaaabaaacaaabbbccabbcbbbaaabbbccabbccca	ccaaabbcccacccbcccaaaccbbbaacbbabbbcccba	ccbbbabbbcbbbaaacaaabacbbbcccbbaaacccaab	cbabbcccaaabacaaabbcbbbaaacaaabaaaccbaac	aacbbbcccacccbcccaabccaaabbcacbcccaabacb	0
4	3004	ccaaabaaacaaabbbccabbcbbbaaabbbccabbccca	ccaaabbcccacccbcccaaaccbbbaacbbabbbcccba	ccbbbabbbcbbbaaacaaabacbbbcccbbaaacccaab	cbabbcccaaabacaaabbcbbbaaacaaabaaaccbaac	aacbbbcccacccbcccaabccaaabbcacbcccaabbca	0
4	3004	ccaaabaaacaaabbbccabbcbbbaaabbbccabbccca	ccaaabbcccacccbcccaaaccbbbaacbbabbbcccba	ccbbbabbbcbbbaaacaaabacbbbcccbbaaacccaab	cbabbcccaaabacaaabbcbbbaaacaaabaaaccbaac	aacbbbcccacccbcccaabccaaabbcacbcccaabcab	0
4	3004	ccaaabaaacaaabbbccabbcbbbaaabbbccabbccca	ccaaabbcccacccbcccaaaccbbbaacbbabbbcccba	ccbbbabbbcbbbaaacaaabacbbbcccbbaaacccaab	cbabbcccaaabacaaabbcbbbaaacaaabaaaccbaac	aacbbbcccacccbcccaabccaaabbcacbcccaabcba	0
4	3004	ccaaabaaacaaabbbccabbcbbbaaabbbccabbccca	ccaaabbcccacccbcccaaaccbbbaacbbabbbcccba	ccbbbabbbcbbbaaacaaabacbbbcccbbaaacccaab	cbabbcccaaabacaaabbcbbbaaacaaabaaaccbaac	aacbbbcccacccbcccaabccaaabbcaccbccaabbca	0
4	3004	ccaaabaaacaaabbbccabbcbbbaaabbbccabbccca	ccaaabbcccacccbcccaaaccbbbaacbbabbbcccba	ccbbbabbbcbbbaaacaaabacbbbcccbbaaacccaab	cbabbcccaaabacaaabbcbbbaaacaaabaaaccbaac	aacbbbcccacccbcccaabccaaabbcacccbcaabbca	0
4	3004	ccaaabaaacaaabbbccabbcbbbaaabbbccabbccca	ccaaabbcccacccbcccaaaccbbbaacbbabbbcccba	ccbbbabbbcbbbaaacaaabacbbbcccbbaaacccaab	cbabbcccaaabacaaabbcbbbaaacaaabaaaccbaac	aacbbbcccacccbcccaabccaaabcaabbbccaccbca	0
4	3004	ccaaabaaacaaabbbccabbcbbbaaabbbccabbccca	ccaaabbcccacccbcccaaaccbbbaacbbabbbcccba	ccbbbabbbcbbbaaacaaabacbbbcccbbaaacccaab	cbabbcccaaabacaaabbcbbbaaacaaabaaaccbaac	aacbbbcccacccbcccaabccaaabcaabbbccacccba	0
4	3004	ccaaabaaacaaabbbccabbcbbbaaabbbccabbccca	ccaaabbcccacccbcccaaaccbbbaacbbabbbcccba	ccbbbabbbcbbbaaacaaabacbbbcccbbaaacccaab	cbabbcccaaabacaaabbcbbbaaacaaabaaaccbaac	aacbbbcccacccbcccaabccaaabcaabbbcccacbca	0
4	3004	ccaaabaaacaaabbbccabbcbbbaaabbbccabbccca	ccaaabbcccacccbcccaaaccbbbaacbbabbbcccba	ccbbbabbbcbbbaaacaaabacbbbcccbbaaacccaab	cbabbcccaaabacaaabbcbbbaaacaaabaaaccbaac	aacbbbcccacccbcccaabccaaabcaabbbcccaccba	0
4	3004	ccaaabaaacaaabbbccabbcbbbaaabbbccabbccca	ccaaabbcccacccbcccaaaccbbbaacbbabbbcccba	ccbbbabbbcbbbaaacaaabacbbbcccbbaaacccaab	cbabbcccaaabacaaabbcbbbaaacaaabaaaccbaac	aacbbbcccacccbcccaabccaaabcabbbccaaacccb	0
4	3004	ccaaabaaacaaabbbccabbcbbbaaabbbccabbccca	ccaaabbcccacccbcccaaaccbbbaacbbabbbcccba	ccbbbabbbcbbbaaacaaabacbbbcccbbaaacccaab	cbabbcccaaabacaaabbcbbbaaacaaabaaaccbaac	aacbbbcccacccbcccaabccaaabcabbbcccaaaccb	0
4	3004	ccaaabaaacaaabbbccabbcbbbaaabbbccabbccca	ccaaabbcccacccbcccaaaccbbbaacbbabbbcccba	ccbbbabbbcbbbaaacaaabacbbbcccbbaaacccaab	cbabbcccaaabacaaabbcbbbaaacaaabaaaccbaac	aacbbbcccacccbcccaabccaaabcabbbcccacbaca	0
4	3004	ccaaabaaacaaabbbccabbcbbbaaabbbccabbccca	ccaaabbcccacccbcccaaaccbbbaacbbabbbcccba	ccbbbabbbcbbbaaacaaabacbbbcccbbaaacccaab	cbabbcccaaabacaaabbcbbbaaacaaabaaaccbaac	aacbbbcccacccbcccaabccaaabcabbcccabaaccb	0
4	3004	ccaaabaaacaaabbbccabbcbbbaaabbbccabbccca	ccaaabbcccacccbcccaaaccbbbaacbbabbbcccba	ccbbbabbbcbbbaaacaaabacbbbcccbbaaacccaab	cbabbcccaaabacaaabbcbbbaaacaaabaaaccbaac	aacbbbcccacccbcccaabccaaabcabbcccabccaab	0
4	3004	ccaaabaaacaaabbbccabbcbbbaaabbbccabbccca	ccaaabbcccacccbcccaaaccbbbaacbbabbbcccba	ccbbbabbbcbbbaaacaaabacbbbcccbbaaacccaab	cbabbcccaaabacaaabbcbbbaaacaaabaaaccbaac	aacbbbcccacccbcccaabccaaabcabbcccacbcaab	0
4	3004	ccaaabaaacaaabbbccabbcbbbaaabbbccabbccca	ccaaabbcccacccbcccaaaccbbbaacbbabbbcccba	ccbbbabbbcbbbaaacaaabacbbbcccbbaaacccaab	cbabbcccaaabacaaabbcbbbaaacaaabaaaccbaac	aacbbbcccacccbcccaabccaaabcabbcccbaaaccb	0
4	3004	ccaaabaaacaaabbbccabbcbbbaaabbbccabbccca	ccaaabbcccacccbcccaaaccbbbaacbbabbbcccba	ccbbbabbbcbbbaaacaaabacbbbcccbbaaacccaab	cbabbcccaaabacaaabbcbbbaaacaaabaaaccbaac	aacbbbcccacccbcccaabccaaacbabbbccaaacccb	0
4	3004	ccaaabaaacaaabbbccabbcbbbaaabbbccabbccca	ccaaabbcccacccbcccaaaccbbbaacbbabbbcccba	ccbbbabbbcbbbaaacaaabacbbbcccbbaaacccaab	cbabbcccaaabacaaabbcbbbaaacaaabaaaccbaac	aacbbbcccacccbcccaabccaaacbabbbcccaaaccb	0
4	3004	ccaaabaaacaaabbbccabbcbbbaaabbbccabbccca	ccaaabbcccacccbcccaaaccbbbaacbbabbbcccba	ccbbbabbbcbbbaaacaaabacbbbcccbbaaacccaab	cbabbcccaaabacaaabbcbbbaaacaaabaaaccbaac	aacbbbcccacccbcccaabccaaacbabbbcccacbaca	0
4	3004	ccaaabaaacaaabbbccabbcbbbaaabbbccabbccca	ccaaabbcccacccbcccaaaccbbbaacbbabbbcccba	ccbbbabbbcbbbaaacaaabacbbbcccbbaaacccaab	cbabbcccaaabacaaabbcbbbaaacaaabaaaccbaac	aacbbbcccacccbcccaabccaaacbabbcacbcccaab	0
4	3004	ccaaabaaacaaabbbccabbcbbbaaabbbccabbccca	ccaaabbcccacccbcccaaaccbbbaacbbabbbcccba	ccbbbabbbcbbbaaacaaabacbbbcccbbaaacccaab	cbabbcccaaabacaaabbcbbbaaacaaabaaaccbaac	aacbbbcccacccbcccaabccaaacbabbcaccbccaab	0
4	3004	ccaaabaaacaaabbbccabbcbbbaaabbbccabbccca	ccaaabbcccacccbcccaaaccbbbaacbbabbbcccba	ccbbbabbbcbbbaaacaaabacbbbcccbbaaacccaab	cbabbcccaaabacaaabbcbbbaaacaaabaaaccbaac	aacbbbcccacccbcccaabccaaacbabbcacccbcaab	0
4	3004	ccaaabaaacaaabbbccabbcbbbaaabbbccabbccca	ccaaabbcccacccbcccaaaccbbbaacbbabbbcccba	ccbbbabbbcbbbaaacaaabacbbbcccbbaaacccaab	cbabbcccaaabacaaabbcbbbaaacaaabaaaccbaac	aacbbbcccacccbcccaabccaaacbabbcacccbcaba	0
4	3004	ccaaabaaacaaabbbccabbcbbbaaabbbccabbccca	ccaaabbcccacccbcccaaaccbbbaacbbabbbcccba	ccbbbabbbcbbbaaacaaabacbbbcccbbaaacccaab	cbabbcccaaabacaaabbcbbbaaacaaabaaaccbaac	aacbbbcccacccbcccaabccaaacbabbccaaabcccb	0
4	3004	ccaaabaaacaaabbbccabbcbbbaaabbbccabbccca	ccaaabbcccacccbcccaaaccbbbaacbbabbbcccba	ccbbbabbbcbbbaaacaaabacbbbcccbbaaacccaab	cbabbcccaaabacaaabbcbbbaaacaaabaaaccbaac	aacbbbcccacccbcccaabccaaacbabbccaabacccb	0
4	3004	ccaaabaaacaaabbbccabbcbbbaaabbbccabbccca	ccaaabbcccacccbcccaaaccbbbaacbbabbbcccba	ccbbbabbbcbbbaaacaaabacbbbcccbbaaacccaab	cbabbcccaaabacaaabbcbbbaaacaaabaaaccbaac	aacbbbcccacccbcccaabccaaacbabbccaabcaccb	0
4	3004	ccaaabaaacaaabbbccabbcbbbaaabbbccabbccca	ccaaabbcccacccbcccaaaccbbbaacbbabbbcccba	ccbbbabbbcbbbaaacaaabacbbbcccbbaaacccaab	cbabbcccaaabacaaabbcbbbaaacaaabaaaccbaac	aacbbbcccacccbcccaabccaaacbabbccabaacccb	0
4	3004	ccaaabaaacaaabbbccabbcbbbaaabbbccabbccca	ccaaabbcccacccbcccaaaccbbbaacbbabbbcccba	ccbbbabbbcbbbaaacaaabacbbbcccbbaaacccaab	cbabbcccaaabacaaabbcbbbaaacaaabaaaccbaac	aacbbbcccacccbcccaabccaaacbabbccabcccaab	0
4	3004	ccaaabaaacaaabbbccabbcbbbaaabbbccabbccca	ccaaabbcccacccbcccaaaccbbbaacbbabbbcccba	ccbbbabbbcbbbaaacaaabacbbbcccbbaaacccaab	cbabbcccaaabacaaabbcbbbaaacaaabaaaccbaac	aacbbbcccacccbcccaabccaaacbabbccacbaaccb	0
4	3004	ccaaabaaacaaabbbccabbcbbbaaabbbccabbccca	ccaaabbcccacccbcccaaaccbbbaacbbabbbcccba	ccbbbabbbcbbbaaacaaabacbbbcccbbaaacccaab	cbabbcccaaabacaaabbcbbbaaacaaabaaaccbaac	aacbbbcccacccbcccaabccaaacbabbccacbccaab	0
4	3004	ccaaabaaacaaabbbccabbcbbbaaabbbccabbccca	ccaaabbcccacccbcccaaaccbbbaacbbabbbcccba	ccbbbabbbcbbbaaacaaabacbbbcccbbaaacccaab	cbabbcccaaabacaaabbcbbbaaacaaabaaaccbaac	aacbbbcccacccbcccaabccaaacbabbccaccbcaab	0
4	3004	ccaaabaaacaaabbbccabbcbbbaaabbbccabbccca	ccaaabbcccacccbcccaaaccbbbaacbbabbbcccba	ccbbbabbbcbbbaaacaaabacbbbcccbbaaacccaab	cbabbcccaaabacaaabbcbbbaaacaaabaaaccbaac	aacbbbcccacccbcccaabccaaacbabbccaccbcaba	0
4	3004	ccaaabaaacaaabbbccabbcbbbaaabbbccabbccca	ccaaabbcccacccbcccaaaccbbbaacbbabbbcccba	ccbbbabbbcbbbaaacaaabacbbbcccbbaaacccaab	cbabbcccaaabacaaabbcbbbaaacaaabaaaccbaac	aacbbbcccacccbcccaabccaaacbabbcccabaaccb	0
4	3004	ccaaabaaacaaabbbccabbcbbbaaabbbccabbccca	ccaaabbcccacccbcccaaaccbbbaacbbabbbcccba	ccbbbabbbcbbbaaacaaabacbbbcccbbaaacccaab	cbabbcccaaabacaaabbcbbbaaacaaabaaaccbaac	aacbbbcccacccbcccaabccaaacbabbcccabccaab	0
4	3004	ccaaabaaacaaabbbccabbcbbbaaabbbccabbccca	ccaaabbcccacccbcccaaaccbbbaacbbabbbcccba	ccbbbabbbcbbbaaacaaabacbbbcccbbaaacccaab	cbabbcccaaabacaaabbcbbbaaacaaabaaaccbaac	aacbbbcccacccbcccaabccaaacbabbcccacbcaab	0
4	3004	ccaaabaaacaaabbbccabbcbbbaaabbbccabbccca	ccaaabbcccacccbcccaaaccbbbaacbbabbbcccba	ccbbbabbbcbbbaaacaaabacbbbcccbbaaacccaab	cbabbcccaaabacaaabbcbbbaaacaaabaaaccbaac	aacbbbcccacccbcccaabccaaacbabbcccbaaaccb	0
4	3004	ccaaabaaacaaabbbccabbcbbbaaabbbccabbccca	ccaaabbcccacccbcccaaaccbbbaacbbabbbcccba	ccbbbabbbcbbbaaacaaabacbbbcccbbaaacccaab	cbabbcccaaabacaaabbcbbbaaacaaabaaaccbaac	aacbbbcccacccbcccaabccaaacbbabcaccbccaab	0
4	3004	ccaaabaaacaaabbbccabbcbbbaaabbbccabbccca	ccaaabbcccacccbcccaaaccbbbaacbbabbbcccba	ccbbbabbbcbbbaaacaaabacbbbcccbbaaacccaab	cbabbcccaaabacaaabbcbbbaaacaaabaaaccbaac	aacbbbcccacccbcccaabccaaacbbabcacccbbaca	0
4	3004	ccaaabaaacaaabbbccabbcbbbaaabbbccabbccca	ccaaabbcccacccbcccaaaccbbbaacbbabbbcccba	ccbbbabbbcbbbaaacaaabacbbbcccbbaaacccaab	cbabbcccaaabacaaabbcbbbaaacaaabaaaccbaac	aacbbbcccacccbcccaabccaaacbbabcacccbcaab	0
4	3004	ccaaabaaacaaabbbccabbcbbbaaabbbccabbccca	ccaaabbcccacccbcccaaaccbbbaacbbabbbcccba	ccbbbabbbcbbbaaacaaabacbbbcccbbaaacccaab	cbabbcccaaabacaaabbcbbbaaacaaabaaaccbaac	aacbbbcccacccbcccaabccaaacbbabcacccbcaba	0
4	3004	ccaaabaaacaaabbbccabbcbbbaaabbbccabbccca	ccaaabbcccacccbcccaaaccbbbaacbbabbbcccba	ccbbbabbbcbbbaaacaaabacbbbcccbbaaacccaab	cbabbcccaaabacaaabbcbbbaaacaaabaaaccbaac	aacbbbcccacccbcccaabccaaacccaabbbacccbba	0
4	3004	ccaaabaaacaaabbbccabbcbbbaaabbbccabbccca	ccaaabbcccacccbcccaaaccbbbaacbbabbbcccba	ccbbbabbbcbbbaaacaaabacbbbcccbbaaacccaab	cbabbcccaaabacaaabbcbbbaaacaaabaaaccbaac	aacbbbcccacccbcccaabccaaacccaabbbcaccbba	0
4	3004	ccaaabaaacaaabbbccabbcbbbaaabbbccabbccca	ccaaabbcccacccbcccaaaccbbbaacbbabbbcccba	ccbbbabbbcbbbaaacaaabacbbbcccbbaaacccaab	cbabbcccaaabacaaabbcbbbaaacaaabaaaccbaac	aacbbbcccacccbcccaabccaaacccaabbbccacbba	0
4	3004	ccaaabaaacaaabbbccabbcbbbaaabbbccabbccca	ccaaabbcccacccbcccaaaccbbbaacbbabbbcccba	ccbbbabbbcbbbaaacaaabacbbbcccbbaaacccaab	cbabbcccaaabacaaabbcbbbaaacaaabaaaccbaac	aacbbbcccacccbcccaabccaaacccaabbcbaccbba	0
4	3004	ccaaabaaacaaabbbccabbcbbbaaabbbccabbccca	ccaaabbcccacccbcccaaaccbbbaacbbabbbcccba	ccbbbabbbcbbbaaacaaabacbbbcccbbaaacccaab	cbabbcccaaabacaaabbcbbbaaacaaabaaaccbaac	aacbbbcccacccbcccaabccaaacccbbaaccbabbca	0
4	3004	ccaaabaaacaaabbbccabbcbbbaaabbbccabbccca	ccaaabbcccacccbcccaaaccbbbaacbbabbbcccba	ccbbbabbbcbbbaaacaaabacbbbcccbbaaacccaab	cbabbcccaaabacaaabbcbbbaaacaaabaaaccbaac	aacbbbcccacccbcccaabccaaacccbbabccaabbca	0
