TargetID,c_mid,o_mid,c_end,o_end,SourceID,Source_dW_a,Source_dW_b,Source_dW_c,Source_dW_d
ABELIAN_SQUARE,b,8,d,27,S0,0,1,0,0
ABELIAN_SQUARE,b,69,b,64,S1,0,0,0,0
ABELIAN_SQUARE,b,76,b,78,S1,0,0,0,0
ABELIAN_SQUARE,b,84,c,9,S2,0,-1,0,0
ABELIAN_SQUARE,c,75,c,76,S3,0,0,0,0
ABELIAN_SQUARE,c,80,b,1,S4,0,0,-1,0
ABELIAN_SQUARE,d,79,b,84,S5,0,1,0,-1
ABELIAN_SQUARE,d,82,a,5,S6,0,0,0,-1
ABELIAN_SQUARE,a,6,c,22,S7,1,0,0,0
ABELIAN_SQUARE,a,77,b,79,S8,-1,1,0,0
ABELIAN_SQUARE,a,82,d,4,S9,-1,0,0,0
ABELIAN_SQUARE,b,77,b,79,S1,0,0,0,0
ABELIAN_SQUARE,b,84,c,8,S2,0,-1,0,0
ABELIAN_SQUARE,c,6,c,22,S10,0,0,1,0
ABELIAN_SQUARE,c,75,c,75,S3,0,0,0,0
ABELIAN_SQUARE,c,77,b,79,S11,0,1,-1,0
ABELIAN_SQUARE,d,77,b,79,S5,0,1,0,-1
ABELIAN_SQUARE,d,78,a,81,S12,1,0,0,-1
ABELIAN_SQUARE,a,1,c,11,S7,1,0,0,0
ABELIAN_SQUARE,a,77,a,78,S13,0,0,0,0
ABELIAN_SQUARE,a,83,d,5,S9,-1,0,0,0
ABELIAN_SQUARE,b,76,b,76,S1,0,0,0,0
ABELIAN_SQUARE,b,77,a,78,S14,1,-1,0,0
ABELIAN_SQUARE,c,75,c,74,S3,0,0,0,0
ABELIAN_SQUARE,c,77,a,78,S15,1,0,-1,0
ABELIAN_SQUARE,c,80,a,84,S15,1,0,-1,0
ABELIAN_SQUARE,c,83,d,5,S16,0,0,-1,0
ABELIAN_SQUARE,d,77,a,78,S12,1,0,0,-1
ABELIAN_SQUARE,a,1,c,10,S7,1,0,0,0
ABELIAN_SQUARE,a,77,a,77,S13,0,0,0,0
ABELIAN_SQUARE,a,77,b,77,S8,-1,1,0,0
ABELIAN_SQUARE,a,77,c,77,S17,-1,0,1,0
ABELIAN_SQUARE,a,77,d,77,S18,-1,0,0,1
ABELIAN_SQUARE,b,1,d,10,S0,0,1,0,0
ABELIAN_SQUARE,b,77,a,77,S14,1,-1,0,0
ABELIAN_SQUARE,b,77,b,77,S1,0,0,0,0
ABELIAN_SQUARE,b,77,c,77,S19,0,-1,1,0
ABELIAN_SQUARE,b,77,d,77,S20,0,-1,0,1
ABELIAN_SQUARE,c,1,a,10,S21,0,0,1,0
ABELIAN_SQUARE,c,77,a,77,S15,1,0,-1,0
ABELIAN_SQUARE,c,77,b,77,S11,0,1,-1,0
ABELIAN_SQUARE,c,77,c,77,S3,0,0,0,0
ABELIAN_SQUARE,c,77,d,77,S22,0,0,-1,1
ABELIAN_SQUARE,d,1,b,10,S23,0,0,0,1
ABELIAN_SQUARE,d,77,a,77,S12,1,0,0,-1
ABELIAN_SQUARE,d,77,b,77,S5,0,1,0,-1
ABELIAN_SQUARE,d,77,c,77,S24,0,0,1,-1
ABELIAN_SQUARE,d,77,d,77,S25,0,0,0,0
ABELIAN_SQUARE,a,4,c,15,S7,1,0,0,0
ABELIAN_SQUARE,a,76,a,74,S13,0,0,0,0
ABELIAN_SQUARE,a,77,d,76,S18,-1,0,0,1
ABELIAN_SQUARE,a,84,b,5,S26,-1,0,0,0
ABELIAN_SQUARE,b,1,d,9,S0,0,1,0,0
ABELIAN_SQUARE,b,75,b,72,S1,0,0,0,0
ABELIAN_SQUARE,b,77,d,76,S20,0,-1,0,1
ABELIAN_SQUARE,c,77,d,76,S22,0,0,-1,1
ABELIAN_SQUARE,c,78,c,78,S3,0,0,0,0
ABELIAN_SQUARE,d,77,d,76,S25,0,0,0,0
ABELIAN_SQUARE,d,82,c,1,S27,0,0,0,-1
ABELIAN_SQUARE,a,0,b,6,S28,1,0,0,0
ABELIAN_SQUARE,a,0,d,6,S29,1,0,0,0
ABELIAN_SQUARE,a,72,a,65,S13,0,0,0,0
ABELIAN_SQUARE,b,0,b,6,S30,0,1,0,0
ABELIAN_SQUARE,b,0,d,6,S0,0,1,0,0
ABELIAN_SQUARE,b,75,b,71,S1,0,0,0,0
ABELIAN_SQUARE,c,0,b,6,S31,0,0,1,0
ABELIAN_SQUARE,c,0,d,6,S32,0,0,1,0
ABELIAN_SQUARE,c,72,c,65,S3,0,0,0,0
ABELIAN_SQUARE,d,0,b,6,S23,0,0,0,1
ABELIAN_SQUARE,d,0,d,6,S33,0,0,0,1
ABELIAN_SQUARE,d,75,d,71,S25,0,0,0,0
ABELIAN_SQUARE,a,4,c,13,S7,1,0,0,0
ABELIAN_SQUARE,b,1,d,7,S0,0,1,0,0
ABELIAN_SQUARE,b,80,b,80,S1,0,0,0,0
ABELIAN_SQUARE,d,75,d,70,S25,0,0,0,0
ABELIAN_SQUARE,d,84,a,3,S6,0,0,0,-1
ABELIAN_SQUARE,a,2,d,8,S29,1,0,0,0
ABELIAN_SQUARE,a,78,d,75,S18,-1,0,0,1
ABELIAN_SQUARE,b,80,c,79,S19,0,-1,1,0
ABELIAN_SQUARE,b,81,b,81,S1,0,0,0,0
ABELIAN_SQUARE,d,84,b,2,S34,0,0,0,-1
ABELIAN_SQUARE,a,0,b,3,S28,1,0,0,0
ABELIAN_SQUARE,b,0,b,3,S30,0,1,0,0
ABELIAN_SQUARE,b,82,b,82,S1,0,0,0,0
ABELIAN_SQUARE,c,0,b,3,S31,0,0,1,0
ABELIAN_SQUARE,c,75,c,68,S3,0,0,0,0
ABELIAN_SQUARE,d,0,b,3,S23,0,0,0,1
ABELIAN_SQUARE,b,83,b,83,S1,0,0,0,0
ABELIAN_SQUARE,b,83,d,83,S20,0,-1,0,1
ABELIAN_SQUARE,d,83,b,83,S5,0,1,0,-1
ABELIAN_SQUARE,d,83,d,83,S25,0,0,0,0
ABELIAN_SQUARE,a,0,b,1,S28,1,0,0,0
ABELIAN_SQUARE,a,78,a,72,S13,0,0,0,0
ABELIAN_SQUARE,a,79,d,74,S18,-1,0,0,1
ABELIAN_SQUARE,b,0,b,1,S30,0,1,0,0
ABELIAN_SQUARE,b,84,b,84,S1,0,0,0,0
ABELIAN_SQUARE,c,0,b,1,S31,0,0,1,0
ABELIAN_SQUARE,d,0,b,1,S23,0,0,0,1
ABELIAN_SQUARE,d,80,c,76,S24,0,0,1,-1
S0,b,76,d,77,S20,0,-1,0,1
S1,b,69,b,64,S1,0,0,0,0
S1,b,76,b,78,S1,0,0,0,0
S2,b,84,c,10,S2,0,-1,0,0
S3,c,75,c,76,S3,0,0,0,0
S4,c,77,b,81,S11,0,1,-1,0
S4,c,80,b,2,S4,0,0,-1,0
S6,d,82,a,6,S6,0,0,0,-1
S7,a,6,c,22,S7,1,0,0,0
S10,c,61,c,47,S3,0,0,0,0
S12,d,77,a,80,S12,1,0,0,-1
S16,c,83,d,8,S16,0,0,-1,0
S20,b,25,d,61,S0,0,1,0,0
S23,d,79,b,83,S5,0,1,0,-1
S26,a,27,b,66,S35,1,1,-1,0
S27,d,82,c,6,S27,0,0,0,-1
S28,a,77,b,79,S8,-1,1,0,0
S29,a,82,d,4,S9,-1,0,0,0
S30,b,69,b,63,S1,0,0,0,0
S30,b,76,b,77,S1,0,0,0,0
S31,c,78,b,81,S11,0,1,-1,0
S32,c,75,d,75,S22,0,0,-1,1
S33,d,79,d,83,S25,0,0,0,0
S35,a,83,b,6,S26,-1,0,0,0