population,eIndex,E_sha,A_sha,rank,pairId,primary_AFE_EXISTS,secondary_AFE_EXISTS,joint_AF_AND_AFE,match,nodes,cap_status,witness_sha256,witness_literal_ok
H,0,bbbbf8344484b388,3c206f1d7cff6e1d,44,"0|3c206f1d7cff6e1d",true,true,false,true,181860,exact,15479792d5cf0f888ad52affbcef6c229d79bc967c645f7a6bada00ea55de9b9,true
H,0,bbbbf8344484b388,e346254b991d999f,52,"0|e346254b991d999f",true,true,false,true,166296,exact,6ee1eb712b6f2b862b89f09f79e6b74e5855fb0c2be454e6e2180572b346f723,true
H,0,bbbbf8344484b388,1d73299bd17892a7,74,"0|1d73299bd17892a7",false,false,false,true,149632,exact,,
H,0,bbbbf8344484b388,f5496bdf42bf1061,417,"0|f5496bdf42bf1061",true,true,false,true,198355,exact,15479792d5cf0f888ad52affbcef6c229d79bc967c645f7a6bada00ea55de9b9,true
H,0,bbbbf8344484b388,cfe338598de97d03,419,"0|cfe338598de97d03",true,true,false,true,167121,exact,15479792d5cf0f888ad52affbcef6c229d79bc967c645f7a6bada00ea55de9b9,true
H,0,bbbbf8344484b388,a0531c8c004ee500,432,"0|a0531c8c004ee500",true,true,false,true,5536,exact,a834dcbd373e3620b4d63d12b279405c29b7f208aa3c7773fb3184e871238af3,true
H,0,bbbbf8344484b388,52a2380311e27878,2018,"0|52a2380311e27878",false,false,false,true,18221,exact,,
H,0,bbbbf8344484b388,acc86ac7904a6532,2046,"0|acc86ac7904a6532",false,false,false,true,13089,exact,,
H,0,bbbbf8344484b388,77b6a08e535d6dd5,2063,"0|77b6a08e535d6dd5",true,true,true,true,5353,exact,aa8bc5c746fd5ce1c745549ccdc2082f2c4f5ee52f6bc8c23edac1c3937cf508,true
H,0,bbbbf8344484b388,cf966ab94ee29131,2066,"0|cf966ab94ee29131",true,true,true,true,12610,exact,aa8bc5c746fd5ce1c745549ccdc2082f2c4f5ee52f6bc8c23edac1c3937cf508,true
H,0,bbbbf8344484b388,5d4bcd51df51d9d7,2067,"0|5d4bcd51df51d9d7",true,true,true,true,50740,exact,aa8bc5c746fd5ce1c745549ccdc2082f2c4f5ee52f6bc8c23edac1c3937cf508,true
H,0,bbbbf8344484b388,799d452bc41b07d7,2073,"0|799d452bc41b07d7",false,false,false,true,10400,exact,,
H,0,bbbbf8344484b388,ac44ddd1afc191ae,2074,"0|ac44ddd1afc191ae",false,false,false,true,61050,exact,,
H,0,bbbbf8344484b388,6814bed55e85c387,2078,"0|6814bed55e85c387",false,false,false,true,30836,exact,,
H,0,bbbbf8344484b388,3a59505481a9a80e,2099,"0|3a59505481a9a80e",true,true,true,true,6521,exact,aa8bc5c746fd5ce1c745549ccdc2082f2c4f5ee52f6bc8c23edac1c3937cf508,true
H,0,bbbbf8344484b388,0641a4604a612e0c,2101,"0|0641a4604a612e0c",true,true,true,true,15318,exact,aa8bc5c746fd5ce1c745549ccdc2082f2c4f5ee52f6bc8c23edac1c3937cf508,true
H,0,bbbbf8344484b388,e461d92ba7cd5341,2104,"0|e461d92ba7cd5341",true,true,true,true,19289,exact,aa8bc5c746fd5ce1c745549ccdc2082f2c4f5ee52f6bc8c23edac1c3937cf508,true
H,0,bbbbf8344484b388,957cf58c90eab712,2105,"0|957cf58c90eab712",true,true,true,true,58469,exact,aa8bc5c746fd5ce1c745549ccdc2082f2c4f5ee52f6bc8c23edac1c3937cf508,true
H,0,bbbbf8344484b388,ba2b62200204afee,2135,"0|ba2b62200204afee",true,true,true,true,62783,exact,aa8bc5c746fd5ce1c745549ccdc2082f2c4f5ee52f6bc8c23edac1c3937cf508,true
H,0,bbbbf8344484b388,3329915fa82897ca,2136,"0|3329915fa82897ca",true,true,true,true,60835,exact,aa8bc5c746fd5ce1c745549ccdc2082f2c4f5ee52f6bc8c23edac1c3937cf508,true
H,0,bbbbf8344484b388,793535e10c89c639,2138,"0|793535e10c89c639",true,true,true,true,74085,exact,aa8bc5c746fd5ce1c745549ccdc2082f2c4f5ee52f6bc8c23edac1c3937cf508,true
H,0,bbbbf8344484b388,eb919d26636d9457,2182,"0|eb919d26636d9457",false,false,false,true,121933,exact,,
H,0,bbbbf8344484b388,da0fdf85ea39ffe8,2187,"0|da0fdf85ea39ffe8",false,false,false,true,134041,exact,,
H,0,bbbbf8344484b388,e3840acf309a9550,2477,"0|e3840acf309a9550",false,false,false,true,77964,exact,,
H,0,bbbbf8344484b388,ecca60333875636c,2486,"0|ecca60333875636c",false,false,false,true,82511,exact,,
H,0,bbbbf8344484b388,4ba7e090ff130d71,2864,"0|4ba7e090ff130d71",false,false,false,true,40258,exact,,
H,0,bbbbf8344484b388,16b4ee190bc5d750,2866,"0|16b4ee190bc5d750",false,false,false,true,35509,exact,,
H,0,bbbbf8344484b388,2297d783d127f680,2928,"0|2297d783d127f680",false,false,false,true,40379,exact,,
H,0,bbbbf8344484b388,d84ad5c820154473,2979,"0|d84ad5c820154473",false,false,false,true,89563,exact,,
H,0,bbbbf8344484b388,6c5976e1001686e9,3066,"0|6c5976e1001686e9",true,true,false,true,20407,exact,e2ebb12949e4125a9742f650a115311cbdec4b7c67e7d17da61c09312338f9f3,true
H,0,bbbbf8344484b388,6eb9b5265601cbc2,3213,"0|6eb9b5265601cbc2",false,false,false,true,62607,exact,,
H,0,bbbbf8344484b388,2670989106b135e0,4527,"0|2670989106b135e0",false,false,false,true,58850,exact,,
H,1,9c4fdf00facdbbc2,3c206f1d7cff6e1d,44,"1|3c206f1d7cff6e1d",true,true,false,true,182244,exact,15479792d5cf0f888ad52affbcef6c229d79bc967c645f7a6bada00ea55de9b9,true
H,1,9c4fdf00facdbbc2,e346254b991d999f,52,"1|e346254b991d999f",true,true,false,true,166460,exact,6ee1eb712b6f2b862b89f09f79e6b74e5855fb0c2be454e6e2180572b346f723,true
H,1,9c4fdf00facdbbc2,1d73299bd17892a7,74,"1|1d73299bd17892a7",false,false,false,true,150328,exact,,
H,1,9c4fdf00facdbbc2,f5496bdf42bf1061,417,"1|f5496bdf42bf1061",true,true,false,true,198757,exact,15479792d5cf0f888ad52affbcef6c229d79bc967c645f7a6bada00ea55de9b9,true
H,1,9c4fdf00facdbbc2,cfe338598de97d03,419,"1|cfe338598de97d03",true,true,false,true,167498,exact,15479792d5cf0f888ad52affbcef6c229d79bc967c645f7a6bada00ea55de9b9,true
H,1,9c4fdf00facdbbc2,a0531c8c004ee500,432,"1|a0531c8c004ee500",true,true,false,true,5536,exact,a834dcbd373e3620b4d63d12b279405c29b7f208aa3c7773fb3184e871238af3,true
H,1,9c4fdf00facdbbc2,52a2380311e27878,2018,"1|52a2380311e27878",false,false,false,true,18190,exact,,
H,1,9c4fdf00facdbbc2,acc86ac7904a6532,2046,"1|acc86ac7904a6532",false,false,false,true,13056,exact,,
H,1,9c4fdf00facdbbc2,77b6a08e535d6dd5,2063,"1|77b6a08e535d6dd5",true,true,true,true,5356,exact,aa8bc5c746fd5ce1c745549ccdc2082f2c4f5ee52f6bc8c23edac1c3937cf508,true
H,1,9c4fdf00facdbbc2,cf966ab94ee29131,2066,"1|cf966ab94ee29131",true,true,true,true,12610,exact,aa8bc5c746fd5ce1c745549ccdc2082f2c4f5ee52f6bc8c23edac1c3937cf508,true
H,1,9c4fdf00facdbbc2,5d4bcd51df51d9d7,2067,"1|5d4bcd51df51d9d7",true,true,true,true,50740,exact,aa8bc5c746fd5ce1c745549ccdc2082f2c4f5ee52f6bc8c23edac1c3937cf508,true
H,1,9c4fdf00facdbbc2,799d452bc41b07d7,2073,"1|799d452bc41b07d7",false,false,false,true,10356,exact,,
H,1,9c4fdf00facdbbc2,ac44ddd1afc191ae,2074,"1|ac44ddd1afc191ae",false,false,false,true,61050,exact,,
H,1,9c4fdf00facdbbc2,6814bed55e85c387,2078,"1|6814bed55e85c387",false,false,false,true,30837,exact,,
H,1,9c4fdf00facdbbc2,3a59505481a9a80e,2099,"1|3a59505481a9a80e",true,true,true,true,6524,exact,aa8bc5c746fd5ce1c745549ccdc2082f2c4f5ee52f6bc8c23edac1c3937cf508,true
H,1,9c4fdf00facdbbc2,0641a4604a612e0c,2101,"1|0641a4604a612e0c",true,true,true,true,15448,exact,aa8bc5c746fd5ce1c745549ccdc2082f2c4f5ee52f6bc8c23edac1c3937cf508,true
H,1,9c4fdf00facdbbc2,e461d92ba7cd5341,2104,"1|e461d92ba7cd5341",true,true,true,true,19289,exact,aa8bc5c746fd5ce1c745549ccdc2082f2c4f5ee52f6bc8c23edac1c3937cf508,true
H,1,9c4fdf00facdbbc2,957cf58c90eab712,2105,"1|957cf58c90eab712",true,true,true,true,58469,exact,aa8bc5c746fd5ce1c745549ccdc2082f2c4f5ee52f6bc8c23edac1c3937cf508,true
H,1,9c4fdf00facdbbc2,ba2b62200204afee,2135,"1|ba2b62200204afee",true,true,true,true,62783,exact,aa8bc5c746fd5ce1c745549ccdc2082f2c4f5ee52f6bc8c23edac1c3937cf508,true
H,1,9c4fdf00facdbbc2,3329915fa82897ca,2136,"1|3329915fa82897ca",true,true,true,true,60835,exact,aa8bc5c746fd5ce1c745549ccdc2082f2c4f5ee52f6bc8c23edac1c3937cf508,true
H,1,9c4fdf00facdbbc2,793535e10c89c639,2138,"1|793535e10c89c639",true,true,true,true,74085,exact,aa8bc5c746fd5ce1c745549ccdc2082f2c4f5ee52f6bc8c23edac1c3937cf508,true
H,1,9c4fdf00facdbbc2,eb919d26636d9457,2182,"1|eb919d26636d9457",false,false,false,true,121912,exact,,
H,1,9c4fdf00facdbbc2,da0fdf85ea39ffe8,2187,"1|da0fdf85ea39ffe8",false,false,false,true,134018,exact,,
H,1,9c4fdf00facdbbc2,e3840acf309a9550,2477,"1|e3840acf309a9550",false,false,false,true,78096,exact,,
H,1,9c4fdf00facdbbc2,ecca60333875636c,2486,"1|ecca60333875636c",false,false,false,true,82607,exact,,
H,1,9c4fdf00facdbbc2,4ba7e090ff130d71,2864,"1|4ba7e090ff130d71",false,false,false,true,40296,exact,,
H,1,9c4fdf00facdbbc2,16b4ee190bc5d750,2866,"1|16b4ee190bc5d750",false,false,false,true,35547,exact,,
H,1,9c4fdf00facdbbc2,2297d783d127f680,2928,"1|2297d783d127f680",false,false,false,true,40413,exact,,
H,1,9c4fdf00facdbbc2,d84ad5c820154473,2979,"1|d84ad5c820154473",false,false,false,true,89919,exact,,
H,1,9c4fdf00facdbbc2,6c5976e1001686e9,3066,"1|6c5976e1001686e9",true,true,false,true,20392,exact,e2ebb12949e4125a9742f650a115311cbdec4b7c67e7d17da61c09312338f9f3,true
H,1,9c4fdf00facdbbc2,6eb9b5265601cbc2,3213,"1|6eb9b5265601cbc2",false,false,false,true,62776,exact,,
H,1,9c4fdf00facdbbc2,2670989106b135e0,4518,"1|2670989106b135e0",false,false,false,true,59018,exact,,
H,2,6928cbc8f9892669,52a2380311e27878,57,"2|52a2380311e27878",false,false,false,true,26310,exact,,
H,2,6928cbc8f9892669,acc86ac7904a6532,84,"2|acc86ac7904a6532",false,false,false,true,23946,exact,,
H,2,6928cbc8f9892669,77b6a08e535d6dd5,101,"2|77b6a08e535d6dd5",true,true,true,true,5231,exact,aa8bc5c746fd5ce1c745549ccdc2082f2c4f5ee52f6bc8c23edac1c3937cf508,true
H,2,6928cbc8f9892669,cf966ab94ee29131,104,"2|cf966ab94ee29131",true,true,true,true,12106,exact,aa8bc5c746fd5ce1c745549ccdc2082f2c4f5ee52f6bc8c23edac1c3937cf508,true
H,2,6928cbc8f9892669,5d4bcd51df51d9d7,105,"2|5d4bcd51df51d9d7",true,true,true,true,49304,exact,aa8bc5c746fd5ce1c745549ccdc2082f2c4f5ee52f6bc8c23edac1c3937cf508,true
H,2,6928cbc8f9892669,799d452bc41b07d7,111,"2|799d452bc41b07d7",false,false,false,true,23024,exact,,
H,2,6928cbc8f9892669,ac44ddd1afc191ae,112,"2|ac44ddd1afc191ae",false,false,false,true,49086,exact,,
H,2,6928cbc8f9892669,6814bed55e85c387,116,"2|6814bed55e85c387",false,false,false,true,25836,exact,,
H,2,6928cbc8f9892669,3a59505481a9a80e,137,"2|3a59505481a9a80e",true,true,true,true,6557,exact,aa8bc5c746fd5ce1c745549ccdc2082f2c4f5ee52f6bc8c23edac1c3937cf508,true
H,2,6928cbc8f9892669,0641a4604a612e0c,139,"2|0641a4604a612e0c",true,true,true,true,14486,exact,aa8bc5c746fd5ce1c745549ccdc2082f2c4f5ee52f6bc8c23edac1c3937cf508,true
H,2,6928cbc8f9892669,e461d92ba7cd5341,142,"2|e461d92ba7cd5341",true,true,true,true,17111,exact,aa8bc5c746fd5ce1c745549ccdc2082f2c4f5ee52f6bc8c23edac1c3937cf508,true
H,2,6928cbc8f9892669,957cf58c90eab712,143,"2|957cf58c90eab712",true,true,true,true,55144,exact,aa8bc5c746fd5ce1c745549ccdc2082f2c4f5ee52f6bc8c23edac1c3937cf508,true
H,3,ace3c9297a31653a,52a2380311e27878,1015,"3|52a2380311e27878",false,false,false,true,26347,exact,,
H,3,ace3c9297a31653a,acc86ac7904a6532,1042,"3|acc86ac7904a6532",false,false,false,true,23972,exact,,
H,3,ace3c9297a31653a,77b6a08e535d6dd5,1059,"3|77b6a08e535d6dd5",true,true,true,true,5231,exact,aa8bc5c746fd5ce1c745549ccdc2082f2c4f5ee52f6bc8c23edac1c3937cf508,true
H,3,ace3c9297a31653a,cf966ab94ee29131,1062,"3|cf966ab94ee29131",true,true,true,true,12106,exact,aa8bc5c746fd5ce1c745549ccdc2082f2c4f5ee52f6bc8c23edac1c3937cf508,true
H,3,ace3c9297a31653a,5d4bcd51df51d9d7,1063,"3|5d4bcd51df51d9d7",true,true,true,true,49304,exact,aa8bc5c746fd5ce1c745549ccdc2082f2c4f5ee52f6bc8c23edac1c3937cf508,true
H,3,ace3c9297a31653a,799d452bc41b07d7,1069,"3|799d452bc41b07d7",false,false,false,true,23050,exact,,
H,3,ace3c9297a31653a,ac44ddd1afc191ae,1070,"3|ac44ddd1afc191ae",false,false,false,true,49086,exact,,
H,3,ace3c9297a31653a,6814bed55e85c387,1074,"3|6814bed55e85c387",false,false,false,true,25740,exact,,
H,3,ace3c9297a31653a,3a59505481a9a80e,1095,"3|3a59505481a9a80e",true,true,true,true,6557,exact,aa8bc5c746fd5ce1c745549ccdc2082f2c4f5ee52f6bc8c23edac1c3937cf508,true
H,3,ace3c9297a31653a,0641a4604a612e0c,1097,"3|0641a4604a612e0c",true,true,true,true,14486,exact,aa8bc5c746fd5ce1c745549ccdc2082f2c4f5ee52f6bc8c23edac1c3937cf508,true
H,3,ace3c9297a31653a,e461d92ba7cd5341,1100,"3|e461d92ba7cd5341",true,true,true,true,17111,exact,aa8bc5c746fd5ce1c745549ccdc2082f2c4f5ee52f6bc8c23edac1c3937cf508,true
H,3,ace3c9297a31653a,957cf58c90eab712,1101,"3|957cf58c90eab712",true,true,true,true,55144,exact,aa8bc5c746fd5ce1c745549ccdc2082f2c4f5ee52f6bc8c23edac1c3937cf508,true
H,4,ab152988deea9d99,6bfe1ae63b01d222,157,"4|6bfe1ae63b01d222",false,false,false,true,349387,exact,,
H,4,ab152988deea9d99,97c1ffcf9d131b25,159,"4|97c1ffcf9d131b25",false,false,false,true,383918,exact,,
H,4,ab152988deea9d99,a0a15c135ecf016c,3522,"4|a0a15c135ecf016c",true,true,true,true,134669,exact,b23c5631e645113f84f8c730d58a576e700e58488db1d87bc374813445f9f4b4,true
H,4,ab152988deea9d99,dac75e7a476f173e,3525,"4|dac75e7a476f173e",true,true,true,true,95566,exact,b23c5631e645113f84f8c730d58a576e700e58488db1d87bc374813445f9f4b4,true
H,4,ab152988deea9d99,c931e69afce9242c,3526,"4|c931e69afce9242c",true,true,true,true,52346,exact,b23c5631e645113f84f8c730d58a576e700e58488db1d87bc374813445f9f4b4,true
H,4,ab152988deea9d99,147b42bd3d1200d9,3527,"4|147b42bd3d1200d9",true,true,true,true,48438,exact,b23c5631e645113f84f8c730d58a576e700e58488db1d87bc374813445f9f4b4,true
H,5,8302b3d44bc71de8,a5323d7f03f7c8f5,221,"5|a5323d7f03f7c8f5",false,false,false,true,182453,exact,,
H,5,8302b3d44bc71de8,b28971c4b6becd66,223,"5|b28971c4b6becd66",false,false,false,true,241852,exact,,
H,5,8302b3d44bc71de8,11ee1773a5b8baf7,226,"5|11ee1773a5b8baf7",false,false,false,true,209456,exact,,
H,5,8302b3d44bc71de8,3fead8cf6c006474,228,"5|3fead8cf6c006474",false,false,false,true,275323,exact,,
H,5,8302b3d44bc71de8,13166bae70cee895,236,"5|13166bae70cee895",false,false,false,true,208787,exact,,
H,5,8302b3d44bc71de8,0f59e58787f9556b,240,"5|0f59e58787f9556b",false,false,false,true,292531,exact,,
H,5,8302b3d44bc71de8,6bfe1ae63b01d222,416,"5|6bfe1ae63b01d222",false,false,false,true,349387,exact,,
H,5,8302b3d44bc71de8,97c1ffcf9d131b25,418,"5|97c1ffcf9d131b25",false,false,false,true,383918,exact,,
H,6,286e569e7a8de94b,e6958326dedd150c,3,"6|e6958326dedd150c",false,false,false,true,454807,exact,,
H,6,286e569e7a8de94b,9c8cd145662aeaff,4,"6|9c8cd145662aeaff",false,false,false,true,455826,exact,,
H,6,286e569e7a8de94b,61a0ae89b0c63cef,5,"6|61a0ae89b0c63cef",false,false,false,true,386120,exact,,
H,6,286e569e7a8de94b,9c38eec4c9ee5b18,12,"6|9c38eec4c9ee5b18",false,false,false,true,418094,exact,,
H,6,286e569e7a8de94b,4148e12e47cde6c7,13,"6|4148e12e47cde6c7",false,false,false,true,351837,exact,,
H,6,286e569e7a8de94b,35bee35ca8a910cc,27,"6|35bee35ca8a910cc",false,false,false,true,64396,exact,,
H,6,286e569e7a8de94b,7cb0af36e317311e,31,"6|7cb0af36e317311e",false,false,false,true,60434,exact,,
H,6,286e569e7a8de94b,28317fa3c19ecbcc,564,"6|28317fa3c19ecbcc",true,true,false,true,8133,exact,8830db3f20150eda3c0f057c053b35b548909344ab1d48d6b65d13842b13ee3f,true
H,6,286e569e7a8de94b,f7239d7078dec0b8,1491,"6|f7239d7078dec0b8",false,false,false,true,59848,exact,,
H,6,286e569e7a8de94b,c0c6cee423aebcdc,1641,"6|c0c6cee423aebcdc",false,false,false,true,6663,exact,,
H,6,286e569e7a8de94b,8f275dc07806f5bd,1642,"6|8f275dc07806f5bd",false,false,false,true,27961,exact,,
H,6,286e569e7a8de94b,89244d65e0cbeb0d,1643,"6|89244d65e0cbeb0d",false,false,false,true,7054,exact,,
H,6,286e569e7a8de94b,8ec6d5a46a9a1189,1645,"6|8ec6d5a46a9a1189",false,false,false,true,5872,exact,,
H,6,286e569e7a8de94b,95c5fb9dd7c57cba,1646,"6|95c5fb9dd7c57cba",false,false,false,true,26662,exact,,
H,6,286e569e7a8de94b,cfc729762789d6b3,1647,"6|cfc729762789d6b3",false,false,false,true,5461,exact,,
H,6,286e569e7a8de94b,8bfec4252e767b76,1649,"6|8bfec4252e767b76",false,false,false,true,7628,exact,,
H,6,286e569e7a8de94b,47ee4d02c00ec0e0,1650,"6|47ee4d02c00ec0e0",false,false,false,true,29325,exact,,
H,6,286e569e7a8de94b,bfcd76564dfd6961,1655,"6|bfcd76564dfd6961",false,false,false,true,7993,exact,,
H,6,286e569e7a8de94b,cda205df9b663ca5,1826,"6|cda205df9b663ca5",false,false,false,true,40973,exact,,
H,6,286e569e7a8de94b,28cfab054f7bc170,1827,"6|28cfab054f7bc170",false,false,false,true,86621,exact,,
H,6,286e569e7a8de94b,fce364cc371d578c,1828,"6|fce364cc371d578c",false,false,false,true,35062,exact,,
H,6,286e569e7a8de94b,4e849104743abe14,1829,"6|4e849104743abe14",false,false,false,true,48797,exact,,
H,6,286e569e7a8de94b,08e886f53431566b,1830,"6|08e886f53431566b",false,false,false,true,29649,exact,,
H,6,286e569e7a8de94b,850c8b921f16d13e,1831,"6|850c8b921f16d13e",true,true,true,true,6718,exact,eedb2ce5e2c4a53bb7b3e41e1d476f8cf7c597efe5fcd0ef6548ab04843c9574,true
H,6,286e569e7a8de94b,07d591171b2ec840,1869,"6|07d591171b2ec840",true,true,false,true,95278,exact,9a9e7d2c69781c136833b46ca799c289b27c82be219898afb21d43c7f2294701,true
H,6,286e569e7a8de94b,06df26545999ed99,1881,"6|06df26545999ed99",false,false,false,true,37220,exact,,
H,6,286e569e7a8de94b,540a38fe8b479bee,1882,"6|540a38fe8b479bee",false,false,false,true,64049,exact,,
H,6,286e569e7a8de94b,a21e2d3439adcff6,1883,"6|a21e2d3439adcff6",true,true,false,true,58099,exact,9a9e7d2c69781c136833b46ca799c289b27c82be219898afb21d43c7f2294701,true
H,6,286e569e7a8de94b,3445d6bcdc010443,1895,"6|3445d6bcdc010443",false,false,false,true,36971,exact,,
H,6,286e569e7a8de94b,c6cbcc43d8023c5d,1908,"6|c6cbcc43d8023c5d",false,false,false,true,21447,exact,,
H,6,286e569e7a8de94b,224777f514fa0288,1909,"6|224777f514fa0288",false,false,false,true,70831,exact,,
H,6,286e569e7a8de94b,7505263e9ee2e584,1910,"6|7505263e9ee2e584",true,true,false,true,67619,exact,9a9e7d2c69781c136833b46ca799c289b27c82be219898afb21d43c7f2294701,true
H,6,286e569e7a8de94b,f2523aaa77e166da,1923,"6|f2523aaa77e166da",false,false,false,true,34471,exact,,
H,6,286e569e7a8de94b,3e099747cb861804,1932,"6|3e099747cb861804",false,false,false,true,36336,exact,,
H,6,286e569e7a8de94b,35a824031301e5a6,1943,"6|35a824031301e5a6",false,false,false,true,6085,exact,,
H,6,286e569e7a8de94b,f12eb5c977252b6b,1957,"6|f12eb5c977252b6b",false,false,false,true,41353,exact,,
H,6,286e569e7a8de94b,ab4c28974a3e538c,1958,"6|ab4c28974a3e538c",false,false,false,true,20353,exact,,
H,6,286e569e7a8de94b,0876b962e56cdd4e,1967,"6|0876b962e56cdd4e",false,false,false,true,29862,exact,,
H,6,286e569e7a8de94b,c61b35f8d0e522a1,1978,"6|c61b35f8d0e522a1",false,false,false,true,5333,exact,,
H,6,286e569e7a8de94b,aecf9237a73f6516,1992,"6|aecf9237a73f6516",false,false,false,true,8175,exact,,
H,6,286e569e7a8de94b,48afd477d12e3cbd,1995,"6|48afd477d12e3cbd",false,false,false,true,6301,exact,,
H,6,286e569e7a8de94b,4705b960e0d3d94d,2023,"6|4705b960e0d3d94d",false,false,false,true,6086,exact,,
H,6,286e569e7a8de94b,fbbd5268736127f7,2024,"6|fbbd5268736127f7",false,false,false,true,859,exact,,
H,6,286e569e7a8de94b,e3ca7c97b93c590d,2042,"6|e3ca7c97b93c590d",false,false,false,true,8908,exact,,
H,6,286e569e7a8de94b,b031534d3401f1e9,2045,"6|b031534d3401f1e9",false,false,false,true,6904,exact,,
H,6,286e569e7a8de94b,8d09d29bdd6f9078,2052,"6|8d09d29bdd6f9078",false,false,false,true,11600,exact,,
H,6,286e569e7a8de94b,5470e0d686875eef,2057,"6|5470e0d686875eef",false,false,false,true,44873,exact,,
H,6,286e569e7a8de94b,1dd2f097e092f36c,2058,"6|1dd2f097e092f36c",false,false,false,true,3927,exact,,
H,6,286e569e7a8de94b,d7b18d0f98c13a92,2064,"6|d7b18d0f98c13a92",false,false,false,true,53087,exact,,
H,6,286e569e7a8de94b,950bad92d43597ee,2068,"6|950bad92d43597ee",false,false,false,true,71485,exact,,
H,6,286e569e7a8de94b,8dff095864b63e50,2070,"6|8dff095864b63e50",false,false,false,true,75496,exact,,
H,6,286e569e7a8de94b,90a82f99fe194a07,2071,"6|90a82f99fe194a07",false,false,false,true,54968,exact,,
H,6,286e569e7a8de94b,162843076a573c0c,2072,"6|162843076a573c0c",false,false,false,true,94689,exact,,
H,6,286e569e7a8de94b,ad6ffe3e30b799cb,2073,"6|ad6ffe3e30b799cb",false,false,false,true,82351,exact,,
H,6,286e569e7a8de94b,d18ae9b2460f7eb6,2074,"6|d18ae9b2460f7eb6",false,false,false,true,15003,exact,,
H,6,286e569e7a8de94b,77d57ad820666652,2081,"6|77d57ad820666652",false,false,false,true,23157,exact,,
H,6,286e569e7a8de94b,4f1e3e80a2926d5d,2370,"6|4f1e3e80a2926d5d",true,true,true,true,6548,exact,8b92c4795b4f8a035770d8725d759fd1e702b48b55c3f2755cfcf158bf9bcaec,true
H,6,286e569e7a8de94b,46eaad46ca0143a4,2627,"6|46eaad46ca0143a4",true,true,false,true,109,exact,93b0339af868d4d2dbc4697581fbd5f04c043beda6757b5a5d8e9c3442c4bfba,true
H,6,286e569e7a8de94b,5cec77c0a2207ec4,2630,"6|5cec77c0a2207ec4",true,true,false,true,156,exact,93b0339af868d4d2dbc4697581fbd5f04c043beda6757b5a5d8e9c3442c4bfba,true
H,6,286e569e7a8de94b,897087c3ce7f1690,2719,"6|897087c3ce7f1690",false,false,false,true,59528,exact,,
H,6,286e569e7a8de94b,599ccdbd453e0523,2721,"6|599ccdbd453e0523",false,false,false,true,52893,exact,,
H,7,e60344fc2913d994,5d755584f26f0968,848,"7|5d755584f26f0968",true,true,false,true,2601,exact,53a22c9656fad95bf04ef0366f6bbc8c7cb00f1d2f7c828dccfbbbf5bd573a4d,true
H,7,e60344fc2913d994,5579c8fb761d7aa5,887,"7|5579c8fb761d7aa5",true,true,false,true,2081,exact,53a22c9656fad95bf04ef0366f6bbc8c7cb00f1d2f7c828dccfbbbf5bd573a4d,true
H,7,e60344fc2913d994,e6c420a91bd3a6fa,891,"7|e6c420a91bd3a6fa",true,true,false,true,2198,exact,53a22c9656fad95bf04ef0366f6bbc8c7cb00f1d2f7c828dccfbbbf5bd573a4d,true
H,7,e60344fc2913d994,392a6f3d9f3fa50c,927,"7|392a6f3d9f3fa50c",true,true,false,true,8326,exact,df5d55290227d7192b7414aeaa91c449251d5c7f08a3754617e340755039082d,true
H,7,e60344fc2913d994,e31fd88a6db5d830,960,"7|e31fd88a6db5d830",false,false,false,true,135483,exact,,
H,7,e60344fc2913d994,28317fa3c19ecbcc,1210,"7|28317fa3c19ecbcc",true,true,false,true,6697,exact,def12a49599db996548c36d41ec391b2bd8bbec9d01893e62e90ab2191ea00ba,true
H,7,e60344fc2913d994,f7239d7078dec0b8,1945,"7|f7239d7078dec0b8",false,false,false,true,55456,exact,,
H,7,e60344fc2913d994,cda205df9b663ca5,2249,"7|cda205df9b663ca5",false,false,false,true,38218,exact,,
H,7,e60344fc2913d994,28cfab054f7bc170,2250,"7|28cfab054f7bc170",false,false,false,true,83055,exact,,
H,7,e60344fc2913d994,fce364cc371d578c,2251,"7|fce364cc371d578c",false,false,false,true,34275,exact,,
H,7,e60344fc2913d994,4e849104743abe14,2252,"7|4e849104743abe14",false,false,false,true,47931,exact,,
H,7,e60344fc2913d994,08e886f53431566b,2253,"7|08e886f53431566b",false,false,false,true,29056,exact,,
H,7,e60344fc2913d994,850c8b921f16d13e,2254,"7|850c8b921f16d13e",true,true,true,true,6617,exact,eedb2ce5e2c4a53bb7b3e41e1d476f8cf7c597efe5fcd0ef6548ab04843c9574,true
H,7,e60344fc2913d994,07d591171b2ec840,2292,"7|07d591171b2ec840",true,true,false,true,80782,exact,9a9e7d2c69781c136833b46ca799c289b27c82be219898afb21d43c7f2294701,true
H,7,e60344fc2913d994,06df26545999ed99,2304,"7|06df26545999ed99",false,false,false,true,36308,exact,,
H,7,e60344fc2913d994,540a38fe8b479bee,2305,"7|540a38fe8b479bee",false,false,false,true,53749,exact,,
H,7,e60344fc2913d994,a21e2d3439adcff6,2306,"7|a21e2d3439adcff6",true,true,false,true,48742,exact,9a9e7d2c69781c136833b46ca799c289b27c82be219898afb21d43c7f2294701,true
H,7,e60344fc2913d994,3445d6bcdc010443,2318,"7|3445d6bcdc010443",false,false,false,true,30894,exact,,
H,7,e60344fc2913d994,c6cbcc43d8023c5d,2331,"7|c6cbcc43d8023c5d",false,false,false,true,21310,exact,,
H,7,e60344fc2913d994,224777f514fa0288,2332,"7|224777f514fa0288",false,false,false,true,59697,exact,,
H,7,e60344fc2913d994,7505263e9ee2e584,2333,"7|7505263e9ee2e584",true,true,false,true,57490,exact,9a9e7d2c69781c136833b46ca799c289b27c82be219898afb21d43c7f2294701,true
H,7,e60344fc2913d994,f2523aaa77e166da,2346,"7|f2523aaa77e166da",false,false,false,true,23713,exact,,
H,7,e60344fc2913d994,3e099747cb861804,2355,"7|3e099747cb861804",false,false,false,true,29732,exact,,
H,7,e60344fc2913d994,35a824031301e5a6,2366,"7|35a824031301e5a6",false,false,false,true,6064,exact,,
H,7,e60344fc2913d994,f12eb5c977252b6b,2380,"7|f12eb5c977252b6b",false,false,false,true,34902,exact,,
H,7,e60344fc2913d994,ab4c28974a3e538c,2381,"7|ab4c28974a3e538c",false,false,false,true,17920,exact,,
H,7,e60344fc2913d994,0876b962e56cdd4e,2390,"7|0876b962e56cdd4e",false,false,false,true,25713,exact,,
H,7,e60344fc2913d994,c61b35f8d0e522a1,2401,"7|c61b35f8d0e522a1",false,false,false,true,5320,exact,,
H,7,e60344fc2913d994,aecf9237a73f6516,2415,"7|aecf9237a73f6516",false,false,false,true,7119,exact,,
H,7,e60344fc2913d994,48afd477d12e3cbd,2418,"7|48afd477d12e3cbd",false,false,false,true,5339,exact,,
H,7,e60344fc2913d994,4705b960e0d3d94d,2446,"7|4705b960e0d3d94d",false,false,false,true,5997,exact,,
H,7,e60344fc2913d994,fbbd5268736127f7,2447,"7|fbbd5268736127f7",false,false,false,true,826,exact,,
H,7,e60344fc2913d994,e3ca7c97b93c590d,2465,"7|e3ca7c97b93c590d",false,false,false,true,7771,exact,,
H,7,e60344fc2913d994,b031534d3401f1e9,2468,"7|b031534d3401f1e9",false,false,false,true,5858,exact,,
H,7,e60344fc2913d994,8d09d29bdd6f9078,2475,"7|8d09d29bdd6f9078",true,true,false,true,1462,exact,c8f0930bafed14b29dea39ff8acf0c3a3f26ac53bd52e022c901a9d5297ad3eb,true
H,7,e60344fc2913d994,5470e0d686875eef,2480,"7|5470e0d686875eef",false,false,false,true,43261,exact,,
H,7,e60344fc2913d994,1dd2f097e092f36c,2481,"7|1dd2f097e092f36c",true,true,false,true,946,exact,c8f0930bafed14b29dea39ff8acf0c3a3f26ac53bd52e022c901a9d5297ad3eb,true
H,7,e60344fc2913d994,d7b18d0f98c13a92,2487,"7|d7b18d0f98c13a92",false,false,false,true,51102,exact,,
H,7,e60344fc2913d994,950bad92d43597ee,2491,"7|950bad92d43597ee",false,false,false,true,65332,exact,,
H,7,e60344fc2913d994,8dff095864b63e50,2493,"7|8dff095864b63e50",false,false,false,true,69351,exact,,
H,7,e60344fc2913d994,90a82f99fe194a07,2494,"7|90a82f99fe194a07",false,false,false,true,52979,exact,,
H,7,e60344fc2913d994,162843076a573c0c,2495,"7|162843076a573c0c",false,false,false,true,88995,exact,,
H,7,e60344fc2913d994,ad6ffe3e30b799cb,2496,"7|ad6ffe3e30b799cb",false,false,false,true,79391,exact,,
H,7,e60344fc2913d994,d18ae9b2460f7eb6,2497,"7|d18ae9b2460f7eb6",false,false,false,true,14881,exact,,
H,7,e60344fc2913d994,77d57ad820666652,2504,"7|77d57ad820666652",false,false,false,true,22948,exact,,
H,7,e60344fc2913d994,4f1e3e80a2926d5d,2791,"7|4f1e3e80a2926d5d",true,true,true,true,5351,exact,8b92c4795b4f8a035770d8725d759fd1e702b48b55c3f2755cfcf158bf9bcaec,true
H,7,e60344fc2913d994,46eaad46ca0143a4,2923,"7|46eaad46ca0143a4",true,true,false,true,109,exact,93b0339af868d4d2dbc4697581fbd5f04c043beda6757b5a5d8e9c3442c4bfba,true
H,7,e60344fc2913d994,5cec77c0a2207ec4,2926,"7|5cec77c0a2207ec4",true,true,false,true,144,exact,93b0339af868d4d2dbc4697581fbd5f04c043beda6757b5a5d8e9c3442c4bfba,true
H,7,e60344fc2913d994,897087c3ce7f1690,3029,"7|897087c3ce7f1690",false,false,false,true,55019,exact,,
H,7,e60344fc2913d994,599ccdbd453e0523,3031,"7|599ccdbd453e0523",false,false,false,true,49520,exact,,
H,8,6c03f4a51dab4ab1,5d755584f26f0968,842,"8|5d755584f26f0968",true,true,false,true,2597,exact,53a22c9656fad95bf04ef0366f6bbc8c7cb00f1d2f7c828dccfbbbf5bd573a4d,true
H,8,6c03f4a51dab4ab1,5579c8fb761d7aa5,881,"8|5579c8fb761d7aa5",true,true,false,true,2073,exact,53a22c9656fad95bf04ef0366f6bbc8c7cb00f1d2f7c828dccfbbbf5bd573a4d,true
H,8,6c03f4a51dab4ab1,e6c420a91bd3a6fa,885,"8|e6c420a91bd3a6fa",true,true,false,true,2194,exact,53a22c9656fad95bf04ef0366f6bbc8c7cb00f1d2f7c828dccfbbbf5bd573a4d,true
H,8,6c03f4a51dab4ab1,392a6f3d9f3fa50c,921,"8|392a6f3d9f3fa50c",true,true,false,true,8331,exact,df5d55290227d7192b7414aeaa91c449251d5c7f08a3754617e340755039082d,true
H,8,6c03f4a51dab4ab1,e31fd88a6db5d830,954,"8|e31fd88a6db5d830",false,false,false,true,135275,exact,,
H,8,6c03f4a51dab4ab1,28317fa3c19ecbcc,1199,"8|28317fa3c19ecbcc",true,true,false,true,7121,exact,def12a49599db996548c36d41ec391b2bd8bbec9d01893e62e90ab2191ea00ba,true
H,8,6c03f4a51dab4ab1,f7239d7078dec0b8,1899,"8|f7239d7078dec0b8",false,false,false,true,55991,exact,,
H,8,6c03f4a51dab4ab1,cda205df9b663ca5,2183,"8|cda205df9b663ca5",false,false,false,true,38634,exact,,
H,8,6c03f4a51dab4ab1,28cfab054f7bc170,2184,"8|28cfab054f7bc170",false,false,false,true,83451,exact,,
H,8,6c03f4a51dab4ab1,fce364cc371d578c,2185,"8|fce364cc371d578c",false,false,false,true,34382,exact,,
H,8,6c03f4a51dab4ab1,4e849104743abe14,2186,"8|4e849104743abe14",false,false,false,true,48074,exact,,
H,8,6c03f4a51dab4ab1,08e886f53431566b,2187,"8|08e886f53431566b",false,false,false,true,29163,exact,,
H,8,6c03f4a51dab4ab1,850c8b921f16d13e,2188,"8|850c8b921f16d13e",true,true,true,true,6620,exact,eedb2ce5e2c4a53bb7b3e41e1d476f8cf7c597efe5fcd0ef6548ab04843c9574,true
H,8,6c03f4a51dab4ab1,07d591171b2ec840,2198,"8|07d591171b2ec840",true,true,false,true,81682,exact,9a9e7d2c69781c136833b46ca799c289b27c82be219898afb21d43c7f2294701,true
H,8,6c03f4a51dab4ab1,06df26545999ed99,2210,"8|06df26545999ed99",false,false,false,true,36546,exact,,
H,8,6c03f4a51dab4ab1,540a38fe8b479bee,2211,"8|540a38fe8b479bee",false,false,false,true,54483,exact,,
H,8,6c03f4a51dab4ab1,a21e2d3439adcff6,2212,"8|a21e2d3439adcff6",true,true,false,true,49436,exact,9a9e7d2c69781c136833b46ca799c289b27c82be219898afb21d43c7f2294701,true
H,8,6c03f4a51dab4ab1,3445d6bcdc010443,2224,"8|3445d6bcdc010443",false,false,false,true,31099,exact,,
H,8,6c03f4a51dab4ab1,c6cbcc43d8023c5d,2237,"8|c6cbcc43d8023c5d",false,false,false,true,21308,exact,,
H,8,6c03f4a51dab4ab1,224777f514fa0288,2238,"8|224777f514fa0288",false,false,false,true,60380,exact,,
H,8,6c03f4a51dab4ab1,7505263e9ee2e584,2239,"8|7505263e9ee2e584",true,true,false,true,58153,exact,9a9e7d2c69781c136833b46ca799c289b27c82be219898afb21d43c7f2294701,true
H,8,6c03f4a51dab4ab1,f2523aaa77e166da,2252,"8|f2523aaa77e166da",false,false,false,true,24367,exact,,
H,8,6c03f4a51dab4ab1,3e099747cb861804,2261,"8|3e099747cb861804",false,false,false,true,30075,exact,,
H,8,6c03f4a51dab4ab1,35a824031301e5a6,2272,"8|35a824031301e5a6",false,false,false,true,6074,exact,,
H,8,6c03f4a51dab4ab1,f12eb5c977252b6b,2286,"8|f12eb5c977252b6b",false,false,false,true,35405,exact,,
H,8,6c03f4a51dab4ab1,ab4c28974a3e538c,2287,"8|ab4c28974a3e538c",false,false,false,true,18246,exact,,
H,8,6c03f4a51dab4ab1,0876b962e56cdd4e,2296,"8|0876b962e56cdd4e",false,false,false,true,25953,exact,,
H,8,6c03f4a51dab4ab1,c61b35f8d0e522a1,2307,"8|c61b35f8d0e522a1",false,false,false,true,5328,exact,,
H,8,6c03f4a51dab4ab1,aecf9237a73f6516,2321,"8|aecf9237a73f6516",false,false,false,true,7183,exact,,
H,8,6c03f4a51dab4ab1,48afd477d12e3cbd,2324,"8|48afd477d12e3cbd",false,false,false,true,5403,exact,,
H,8,6c03f4a51dab4ab1,4705b960e0d3d94d,2352,"8|4705b960e0d3d94d",false,false,false,true,6010,exact,,
H,8,6c03f4a51dab4ab1,fbbd5268736127f7,2353,"8|fbbd5268736127f7",false,false,false,true,829,exact,,
H,8,6c03f4a51dab4ab1,e3ca7c97b93c590d,2371,"8|e3ca7c97b93c590d",false,false,false,true,7835,exact,,
H,8,6c03f4a51dab4ab1,b031534d3401f1e9,2374,"8|b031534d3401f1e9",false,false,false,true,5922,exact,,
H,8,6c03f4a51dab4ab1,8d09d29bdd6f9078,2381,"8|8d09d29bdd6f9078",true,true,false,true,1464,exact,c8f0930bafed14b29dea39ff8acf0c3a3f26ac53bd52e022c901a9d5297ad3eb,true
H,8,6c03f4a51dab4ab1,5470e0d686875eef,2386,"8|5470e0d686875eef",false,false,false,true,43562,exact,,
H,8,6c03f4a51dab4ab1,1dd2f097e092f36c,2387,"8|1dd2f097e092f36c",true,true,false,true,948,exact,c8f0930bafed14b29dea39ff8acf0c3a3f26ac53bd52e022c901a9d5297ad3eb,true
H,8,6c03f4a51dab4ab1,d7b18d0f98c13a92,2393,"8|d7b18d0f98c13a92",false,false,false,true,51564,exact,,
H,8,6c03f4a51dab4ab1,950bad92d43597ee,2397,"8|950bad92d43597ee",false,false,false,true,65904,exact,,
H,8,6c03f4a51dab4ab1,8dff095864b63e50,2399,"8|8dff095864b63e50",false,false,false,true,69928,exact,,
H,8,6c03f4a51dab4ab1,90a82f99fe194a07,2400,"8|90a82f99fe194a07",false,false,false,true,53445,exact,,
H,8,6c03f4a51dab4ab1,162843076a573c0c,2401,"8|162843076a573c0c",false,false,false,true,89908,exact,,
H,8,6c03f4a51dab4ab1,ad6ffe3e30b799cb,2402,"8|ad6ffe3e30b799cb",false,false,false,true,80085,exact,,
H,8,6c03f4a51dab4ab1,d18ae9b2460f7eb6,2403,"8|d18ae9b2460f7eb6",false,false,false,true,14900,exact,,
H,8,6c03f4a51dab4ab1,77d57ad820666652,2410,"8|77d57ad820666652",false,false,false,true,22967,exact,,
H,8,6c03f4a51dab4ab1,4f1e3e80a2926d5d,2697,"8|4f1e3e80a2926d5d",true,true,true,true,5371,exact,8b92c4795b4f8a035770d8725d759fd1e702b48b55c3f2755cfcf158bf9bcaec,true
H,8,6c03f4a51dab4ab1,46eaad46ca0143a4,2790,"8|46eaad46ca0143a4",true,true,false,true,109,exact,93b0339af868d4d2dbc4697581fbd5f04c043beda6757b5a5d8e9c3442c4bfba,true
H,8,6c03f4a51dab4ab1,5cec77c0a2207ec4,2793,"8|5cec77c0a2207ec4",true,true,false,true,145,exact,93b0339af868d4d2dbc4697581fbd5f04c043beda6757b5a5d8e9c3442c4bfba,true
H,8,6c03f4a51dab4ab1,897087c3ce7f1690,2896,"8|897087c3ce7f1690",false,false,false,true,55901,exact,,
H,8,6c03f4a51dab4ab1,599ccdbd453e0523,2898,"8|599ccdbd453e0523",false,false,false,true,49993,exact,,
